상권_코드,DTW_Cluster,상권유형,sps_mean,sps_growth,sps_cv,sps_first,sps_last
3001491,0,정체상권,37330210.79629523,-0.18397167203199435,0.1337667592373124,34251701.06382979,36788090.355932206
3001492,4,성장상권,63285475.168148436,0.42464919249561167,0.1684026248823376,37348055.62706271,69595624.58600584
3001493,1,기대상권,17398391.52237991,0.14887934816241186,0.12603386189981636,12451032.112244898,19556612.95689655
3001494,4,성장상권,42902803.02314146,0.4755906179298568,0.17379122013292198,26384888.273972604,52839636.245398775
3001495,4,성장상권,50095883.59537175,0.29349811312021273,0.14379975880102544,36042255.44604316,58043511.68617021
3110002,0,정체상권,17520577.203125,-0.3216126413388795,0.21067064568309024,16300025.5,13172401.5
3110003,0,정체상권,6676608.036160715,-0.3843341556696929,0.22124466726791284,6196201.666666667,5096701.166666667
3110006,3,쇠퇴상권,19140636.396874998,-0.21649501550008451,0.15204453190043124,20242123.25,20504565.333333332
3110008,0,정체상권,47898096.32541312,-0.14337190882232168,0.12262094097070107,38424600.18181818,48353056.56521739
3110009,2,전통강호상권,17275371.116326123,0.11524292064436902,0.4037862707337962,8378922.0,13760732.142857144
3110012,2,전통강호상권,40279116.028554775,0.10224591200099103,0.15268959609257185,29265282.0,42905573.25
3110013,1,기대상권,5939824.975,1.3245863457452918,0.49130888591771193,3353090.75,14293824.666666666
3110014,0,정체상권,2848808.2228422617,-0.22849869071922094,0.13666478544499366,3025553.1428571427,2575530.8571428573
3110015,1,기대상권,65136006.80729167,0.7144369580629837,0.23515708455102707,41990221.75,89208091.66666667
3110016,2,전통강호상권,13067317.2984375,0.09285507937346717,0.14686836368518408,10993037.714285715,14031257.4
3110017,2,전통강호상권,42365247.50833333,-0.6964309540764374,0.4828875621530953,31580886.0,11306935.8
3110018,4,성장상권,11426805.203025792,0.17497790508907604,0.1608334914600113,6931619.5,13769677.15
3110019,2,전통강호상권,26689715.964606736,0.0482807843470137,0.1490327206818154,16334621.076923076,26698117.666666668
3110020,3,쇠퇴상권,3959614.4537177235,0.09691934424261675,0.29460243049592827,2859463.8571428573,6514743.454545454
3110021,4,성장상권,26222135.746760745,0.29156509498590405,0.17793054930029356,17988120.9,20088588.157894738
3110022,4,성장상권,13239766.327380951,0.2834719689623406,0.15673372460609097,8698103.57142857,11883173.142857144
3110023,3,쇠퇴상권,66134502.59518624,-0.21887594085312034,0.2022040886607261,71050646.57142857,62611279.666666664
3110024,0,정체상권,8562158.352927955,-0.37674420601936814,0.23080050278703007,10619240.181818182,7946115.071428572
3110027,0,정체상권,19636339.553630047,-0.5930437290179167,0.3580766096929876,20740665.0,11028329.909090908
3110028,2,전통강호상권,8141595.152598443,-0.11978400697742103,0.3371742065526256,5772982.153846154,3895480.625
3110029,0,정체상권,946518.7348710317,-0.9435999859992226,0.7150343529683546,977423.25,46590.444444444445
3110035,3,쇠퇴상권,15095418.68048115,-0.5488408498103701,0.6640214538625306,8791402.8,11003056.666666666
3110038,4,성장상권,66573850.35575622,0.4498091785639086,0.2323786274509765,35415840.428571425,72200002.36363636
3110040,4,성장상권,23728056.082291666,0.9480996864155158,0.4254758871486484,25795880.0,23836535.2
3110041,4,성장상권,14455232.685668498,0.23362115098987332,0.19390379912949782,9068897.07142857,17299796.85714286
3110043,2,전통강호상권,5940563.307606196,-0.0681576570886159,0.13407474375298048,4883939.9,5529090.1875
3110045,1,기대상권,675287.8848214286,0.21980779490371335,0.27611644785767087,787553.6666666666,817208.0
3110048,3,쇠퇴상권,2177759.1074404763,-0.02445205240800073,0.2829873062889159,1765123.0,1703998.6
3110049,2,전통강호상권,17483776.85893076,0.2898114500720836,0.2202061731389554,12930641.833333334,9779816.466666667
3110054,1,기대상권,18328796.266437728,1.0279838674201969,0.38112070116161184,13007950.416666666,39438257.428571425
3110056,2,전통강호상권,11148270.188888889,0.026640720619275755,0.1546085347950939,9075480.333333334,8705040.5
3110058,2,전통강호상권,31032488.79563492,-0.12113927830590085,0.30265587094343727,23533631.0,10493282.444444444
3110059,0,정체상권,11034111.616369046,-0.5912596240177386,0.31697838643085596,13974478.5,8198947.6
3110060,1,기대상권,6334576.070454546,0.37723015473702076,0.22690382998602454,6042769.1,4699096.7272727275
3110061,3,쇠퇴상권,12502681.568204366,-0.4007019570524656,0.5572271543273528,21280638.75,18641737.555555556
3110062,2,전통강호상권,20583749.800379746,-0.13977155327911672,0.15945745796228342,17391595.333333332,17653356.11627907
3110063,0,정체상권,3947629.667782738,-0.6549862272297454,0.49858924304324204,4599505.714285715,429466.28571428574
3110064,0,정체상권,21472066.228882574,-0.6262385575751095,0.5002332832793969,36961531.63636363,17061380.666666668
3110066,1,기대상권,14525357.594871795,0.6723027086917492,0.290142155712662,7763405.0,19680051.8125
3110067,1,기대상권,12598198.759470044,0.9152886321087954,0.2796012911655197,5655098.444444444,17068731.09090909
3110068,4,성장상권,28554819.780624807,0.7857260110023438,0.29525041725982226,7477825.894736842,33018078.136363637
3110069,2,전통강호상권,27466654.31505858,0.03239823930976008,0.17099018767189322,22886743.652173914,29328136.019607842
3110074,1,기대상권,42781995.22268742,0.5283719388690801,0.21271829687636654,39591523.89473684,57971400.64705882
3110075,4,성장상권,36870734.59706439,1.0285323975592193,0.2855636488996711,13007305.692307692,36550093.85714286
3110076,1,기대상권,50686091.93958334,1.288144193144131,0.35289605270395674,25121274.5,76803719.0
3110077,0,정체상권,29557670.090625,-0.4643039633284787,0.2961904495098035,49073579.0,18006195.6
3110079,2,전통강호상권,14254652.234830558,-0.02187837084522691,0.12384762915988583,11714036.121212121,13636182.1
3110081,0,정체상권,15854952.92466166,-0.3299773138899521,0.19281849309082016,17700295.10526316,13115923.358974358
3110082,4,성장상권,42318908.62126456,1.031978424902972,0.33820508874743394,21816780.666666668,57583896.7
3110083,2,전통강호상권,9006777.802083332,-0.27985348323919956,0.41607955416135006,6316568.0,2887569.25
3110084,0,정체상권,13066528.85000599,-0.36416237323646516,0.35764146188990104,16016119.555555556,7411346.260869565
3110085,0,정체상권,22103231.881871928,-0.1916620715017232,0.13577748028117767,17132685.92857143,18624435.566666666
3110087,0,정체상권,115459771.38229167,-0.45762202366366606,0.34334214842791094,153756197.66666666,98581383.6
3110090,2,전통강호상권,15988387.075347222,0.29244020253302283,0.3462378927037762,7556355.2,10474830.25
3110091,2,전통강호상권,51498899.66517857,0.3162264386626282,0.31818057715339326,25140211.0,40686549.333333336
3110093,2,전통강호상권,18066559.132311083,0.072717436315388,0.1514025324000805,12773398.409090908,14041643.111111112
3110095,0,정체상권,12501179.959729867,-0.250733464384689,0.2069501822294325,13720584.181818182,11400000.310344828
3110096,4,성장상권,34875369.2406994,0.6595265125296911,0.315024334738042,14531810.0,38333025.875
3110098,0,정체상권,23413258.13839286,-0.2827930989739748,0.41250692144140755,28016898.14285714,21134249.85714286
3110102,3,쇠퇴상권,19560517.358001895,-0.1657482044960267,0.1865097324295292,21195065.125,19955202.272727273
3110105,4,성장상권,8645675.894965278,1.901118282696822,0.4099393767403293,2177477.2,7844357.0
3110107,0,정체상권,991604.01875,-0.4439696462518176,0.3540511621365413,1002015.6666666666,673483.0
3110109,0,정체상권,7225148.51511093,-0.6248457234593736,0.45007025250865357,9336610.5,3252848.272727273
3110110,2,전통강호상권,16077788.333333334,-0.027737451850452143,0.17994197664222875,11665431.333333334,17857499.666666668
3110112,4,성장상권,10205085.366220238,1.3365492105477512,0.3481625714556675,1585194.5,12686056.0
3110113,3,쇠퇴상권,1169284.5260416665,-0.13149828579708964,0.28528955107397735,1016585.25,957262.6666666666
3110115,2,전통강호상권,8535318.652913231,-0.08068750578767069,0.10813251478336317,6792148.769230769,7560205.928571428
3110118,1,기대상권,27010662.744642854,1.5016905201536634,0.36907825943372224,11836002.2,42396974.166666664
3110120,0,정체상권,851766.9671540176,-0.49343229406057015,0.284396729989849,1137931.0344827587,252255.30303030304
3110121,2,전통강호상권,65452772.72916667,-0.09969793370816567,0.29721198263204895,47357956.75,42715332.666666664
3110122,2,전통강호상권,20715346.9265625,-0.0668167460391739,0.151204136487491,19644349.0,14512284.125
3110124,1,기대상권,29941557.815830708,0.7721654047919069,0.29359025017922163,17347288.25,50893125.928571425
3110125,2,전통강호상권,21290044.17486654,-0.10648035994926629,0.2260300692254186,17513595.3,20327451.153846152
3110126,1,기대상권,10718316.853348214,1.0188182450337508,0.3853008473551873,11519131.6,12900000.0
3110127,2,전통강호상권,15750531.771646757,-0.21454476337926406,0.1656171602310364,14374393.1,17642548.0
3110128,0,정체상권,5199626.208553065,-0.5339778102662022,0.3350857128803491,5116280.476190476,2957099.1428571427
3110129,0,정체상권,1366148.8279522336,-0.24727767695099817,0.14797813212484992,1714285.7142857143,1263157.894736842
3110131,1,기대상권,15028277.51483459,0.8361101951478668,0.3404987180219548,10808785.162162162,27679391.155555554
3110132,1,기대상권,7674953.8317765575,7.26888883118296,0.9307706789538588,4263275.333333333,19391701.3125
3110134,1,기대상권,4209177.060036486,5.795487307702704,0.7081538257721742,644837.2727272727,7738698.5625
3110135,0,정체상권,3772850.3927083337,-0.7012987584812763,0.500583861722296,3999469.3333333335,635467.6
3110136,0,정체상권,9346642.744657263,-0.21201976740914685,0.20558381973630707,6970406.129032258,8606437.361702127
3110137,2,전통강호상권,23802442.586358033,0.0652304214173339,0.09889012601632453,17722644.520833332,25990607.452830188
3110138,0,정체상권,14619512.436582342,-0.32435416873091705,0.32193189308191855,11653354.666666666,9224656.555555556
3110140,1,기대상권,1102751.5725635737,2.231208307553908,0.9188647058185305,925906.1818181818,3196400.9545454546
3110141,0,정체상권,6739669.148139881,-0.41079012579852925,0.24412299081523048,7639174.4,6230439.375
3110142,0,정체상권,3147425.891796029,-0.37708688597710277,0.24431268516841567,3998530.0,2675895.8181818184
3110144,0,정체상권,1517841.433035714,-0.21863465103226226,0.325858030558905,1921756.5,1967680.8333333333
3110146,3,쇠퇴상권,2022733.5570713142,-0.07543925724581899,0.16106964550380007,2084394.2857142857,1772659.0666666667
3110147,0,정체상권,9384597.800694445,-0.6703877142842809,0.3629605519001278,12233429.75,3628515.1
3110148,4,성장상권,7584394.643622026,0.4525228812127765,0.2531965332082231,5151864.2105263155,7700833.692307692
3110150,0,정체상권,7271377.194940476,-0.5024815538966457,0.4107499960526541,7940779.0,3845396.4
3110151,4,성장상권,18435976.83958333,0.1568995194709187,0.15869957542900986,13471166.666666666,16350506.9
3110152,0,정체상권,1965921.528125,-0.5573654725539073,0.36863360987557464,2222697.2,227984.5
3110154,0,정체상권,12563351.10465472,-0.42394034974637435,0.2720342272638707,9576870.2,8250659.0
3110155,3,쇠퇴상권,8951602.781570513,-0.06977781762005618,0.19614588669636474,10102943.916666666,12034987.272727273
3110156,0,정체상권,4350723.782366071,-0.551352623899896,0.5628265679344554,5415690.142857143,3704058.75
3110157,1,기대상권,4417895.10157967,0.8643966598787247,0.4973799223609375,3119571.8333333335,9986210.461538462
3110158,4,성장상권,8325721.942167208,0.9477237734138811,0.28733925583023495,3810641.6,9710160.142857144
3110159,0,정체상권,8617258.535932105,-0.352913306378451,0.18995920880830514,9850540.666666666,6279003.235294118
3110161,0,정체상권,5936756.463045634,-0.2905613505793532,0.2538683880072161,5349057.555555556,5185454.75
3110162,1,기대상권,4441160.645580808,0.5338225954777623,0.4049429715373955,3579934.3333333335,7331274.0
3110163,3,쇠퇴상권,8529141.204589162,-0.02193966418554526,0.28411089299050374,5376906.666666667,7396177.25
3110165,2,전통강호상권,8992642.35414672,-0.04430942971553799,0.1338044644121207,7678076.25,8019468.083333333
3110166,4,성장상권,4536985.139135888,1.239775283042193,0.33196220598576476,2140545.9411764704,6954424.952380952
3110167,0,정체상권,3301169.9825008325,-0.25285581803123147,0.17366135654113624,3513753.8,3672412.153846154
3110169,3,쇠퇴상권,22309415.510416664,-0.17051126791105303,0.23936768785549173,22963097.5,30336817.4
3110170,0,정체상권,11808503.290069826,-0.5199992335146302,0.36614817628922375,19550160.833333332,9507147.1
3110173,4,성장상권,27913870.618109666,0.588187246104975,0.25456213976977937,23126559.285714287,26736029.222222224
3110174,1,기대상권,8733441.055871733,0.33402646474787295,0.19726335536221284,4924010.9,10080790.5
3110175,0,정체상권,789431.2884105477,-0.5516296939383512,0.4758849364398694,869051.1,632049.1818181818
3110176,3,쇠퇴상권,11538759.838187855,-0.19805805538971685,0.16054735009104848,12419144.0,9855616.090909092
3110178,4,성장상권,5258389.987815656,0.2431684535287722,0.19093853164799499,3310168.3636363638,5123632.555555556
3110179,0,정체상권,150195762.77782512,-0.1694392307374185,0.16335695904228842,162036961.0,156888391.44444445
3110180,0,정체상권,44763647.1467393,-0.7870724331647113,0.5917182487324834,86552859.72727273,18153570.5625
3110183,2,전통강호상권,5255052.552049513,-0.1959723909025673,0.3261426978003264,3425110.0,2479018.5
3110187,2,전통강호상권,17589766.84530955,-0.2822696976971667,0.3133335912507425,8779780.25,9112384.583333334
3110188,3,쇠퇴상권,8059793.451395652,-0.8177875016632657,0.964151149816157,25130745.5,3135349.0
3110190,2,전통강호상권,1825512.5045225609,-0.10936478279079369,0.15394042558459195,1648538.6666666667,1100049.7
3110191,2,전통강호상권,13956315.104980435,-0.006859506818124729,0.1291504344368096,11325089.0,15733372.11764706
3110195,2,전통강호상권,11097485.779761905,-0.03475704296127176,0.2214146005960339,7760540.571428572,6914038.0
3110204,0,정체상권,30382606.845886078,-0.23614927865557164,0.15631761986508824,37737205.1875,28220569.785714287
3110205,2,전통강호상권,8664984.412647644,-0.13375090107564666,0.1622794461521926,7809331.066666666,7055714.826086956
3110206,2,전통강호상권,4533473.839883206,-0.025505079493870143,0.1867693430384582,1942012.6666666667,4641535.363636363
3110207,4,성장상권,26980106.770833336,0.27026436822928335,0.16013875782725168,17449485.0,32309719.0
3110210,2,전통강호상권,32971218.29206596,0.018910878886364016,0.18426295095838988,23994031.64285714,27209755.529411763
3110211,1,기대상권,364486.27418154763,0.26227074919636095,0.25190330961103247,251035.5,288257.5
3110212,4,성장상권,20205352.571696997,0.36566043237162654,0.2328196449920848,8697213.5,20265336.0
3110213,4,성장상권,4943847.701785714,0.40995047043930155,0.17420644870620755,3476112.3333333335,4838482.666666667
3110214,4,성장상권,33243414.01033873,1.1729400050172114,0.36175084612691843,18516919.625,46137669.3125
3110216,3,쇠퇴상권,3893442.343154762,-0.3781072512043726,0.38498208862676053,3368319.5714285714,4040789.4285714286
3110218,0,정체상권,10282982.873809526,-0.15331328995708612,0.14999083786306489,9826109.5,10577741.5
3110219,0,정체상권,4880200.740205923,-0.5383869819965942,0.37251764794086123,7650068.888888889,3598128.36
3110220,4,성장상권,45479103.97848761,0.9940674315228158,0.29662505459516064,26368551.166666668,64145125.42307692
3110226,3,쇠퇴상권,11343038.624897387,-0.18282120209104602,0.13165812717962605,12436477.6,9401616.315789474
3110227,2,전통강호상권,19940008.831398807,-0.10202784064547941,0.24097456198958553,14002630.666666666,15977820.857142856
3110228,3,쇠퇴상권,2713328.140640783,-0.23134690272462774,0.21413351164257285,3631140.111111111,2180760.1428571427
3110229,3,쇠퇴상권,2872339.786343864,-0.34910894794134123,0.37810924815320224,5513030.857142857,3106292.0714285714
3110230,0,정체상권,7841826.725892858,-0.2949456328839602,0.2770158489511723,10782684.666666666,8709955.4
3110232,4,성장상권,10847845.773785416,0.3453710272039183,0.28398392292193075,7191388.166666667,8782883.07142857
3110236,0,정체상권,3094930.407372835,-0.4069555816677752,0.33182339083888357,3052427.4285714286,651616.1666666666
3110237,3,쇠퇴상권,13537770.570710279,-0.18845169367380052,0.19673544261052536,14171526.666666666,11936395.307692308
3110240,3,쇠퇴상권,4602787.508333333,-0.4194838166324926,0.5240995177407257,7913321.333333333,4175325.0
3110241,1,기대상권,6647279.15732809,1.8308208605645906,0.5730683530983609,4148583.5384615385,12587809.0
3110243,0,정체상권,1764735.8678819444,-0.4601481807191881,0.27327995393007515,1833575.7,1315549.3333333333
3110244,0,정체상권,9803191.246403769,-0.678521109689563,0.4196953027503842,9737786.222222222,3581796.5714285714
3110246,3,쇠퇴상권,26031003.795089286,-0.3652386958327447,0.2582016364214586,34133536.25,22136744.42857143
3110247,2,전통강호상권,12281746.633333333,-0.22909048962698078,0.18789216890158572,12023978.8,10659371.625
3110249,3,쇠퇴상권,2744926.2203869047,-0.34555182386400646,0.2710744155182414,3296499.714285714,2765187.2
3110251,1,기대상권,2229507.8461309522,0.23257846391225734,0.31598540732479313,2387961.6666666665,2131119.25
3110254,4,성장상권,17142567.69451885,0.3442637294177887,0.21205338870329085,12132566.25,19939122.0
3110255,3,쇠퇴상권,5429653.771492049,-0.17735498036864897,0.22511943051711517,6065844.181818182,2382666.0714285714
3110256,3,쇠퇴상권,298873.4720959596,-0.6842319450790456,1.273622080507019,1694075.4,223881.6
3110258,3,쇠퇴상권,5329910.569940476,-0.31602548926104285,0.26605293235265537,5907400.714285715,3637033.5714285714
3110259,1,기대상권,1585315.7357165404,0.8268554267922293,0.2529612494401675,945398.8571428572,2373066.4
3110261,2,전통강호상권,16951938.260912698,0.07707687891192762,0.10908164550812308,12908139.375,17143508.5
3110262,3,쇠퇴상권,8598658.797402598,-0.2217600684104157,0.27514862752405966,12388912.2,13060883.833333334
3110266,1,기대상권,11960187.113095239,4.381945925341165,0.6806663439346651,3287221.25,17957112.25
3110267,0,정체상권,8504675.135680899,-0.40230750175872576,0.30102166476950537,8582678.25,7408520.0
3110272,0,정체상권,36044730.175892994,-0.20362201553250509,0.1832460858623297,26978967.40909091,31750544.82142857
3110274,3,쇠퇴상권,7576016.894281413,-0.07564607786694805,0.19214982449336915,6574329.0,9117834.272727273
3110277,1,기대상권,12470350.868154762,0.11541849188930886,0.1553510956704852,10829096.125,11245819.166666666
3110278,1,기대상권,8042803.320288045,1.2057149436801133,0.36238350636313793,4506010.090909091,10923648.2
3110280,2,전통강호상권,10851803.4875,0.1409981349586685,0.14658611217241652,6998164.2,10776953.6
3110283,2,전통강호상권,3713922.5949900798,0.2703360401152843,0.4038167708573556,2254641.6666666665,3256487.5555555555
3110285,0,정체상권,10924287.01696654,-0.17402407390493907,0.1892921643097406,9874425.888888888,9492721.166666666
3110286,2,전통강호상권,12842932.78463868,-0.06728073807096224,0.09101879081767732,10386651.578947369,12028633.4
3110288,0,정체상권,11720976.755265567,-0.5369617832301848,0.2991301768577087,14113183.23076923,5747059.846153846
3110291,0,정체상권,8022564.29783177,-0.7733271129262878,0.5169244223330002,13223684.57142857,2645040.4
3110293,1,기대상권,10072659.85364063,0.24963465050487232,0.17819710340599587,8703679.818181818,11098963.076923076
3110294,0,정체상권,13959056.276764901,-0.31335361125573236,0.19042868573913724,13371946.0,11616762.0
3110295,3,쇠퇴상권,26793003.262624007,0.02670630781493895,0.1556646454900736,21971175.0,23502224.333333332
3110296,2,전통강호상권,164319498.15376985,0.008190480092655992,0.037408142007956585,159835670.85714287,162897421.55555555
3110297,0,정체상권,933763.4132440476,-0.37337025174115207,0.3091620343006577,940273.6666666666,593012.8571428572
3110299,0,정체상권,12158452.829861112,-0.2841241148368668,0.1858323493184862,10627154.666666666,10631569.75
3110300,1,기대상권,20438041.938477002,1.4121932452427648,0.3889376225127055,11130962.76,32587771.535714287
3110301,1,기대상권,1490034.1765873018,1.139418982627303,0.38463544419281426,854987.8571428572,2944399.75
3110302,1,기대상권,12250368.121279761,0.14902688077627393,0.09011014536347453,9893015.888888888,14251197.57142857
3110303,0,정체상권,2886179.5048471265,-0.36325458866459853,0.3069517829034875,4776320.090909091,2823952.3636363638
3110304,4,성장상권,9484481.213239538,0.28611330159482323,0.20630713703571452,6719750.833333333,8991906.3
3110308,4,성장상권,11880807.714852855,0.3585654458605277,0.18493600330222443,7731253.2,10773718.166666666
3110309,0,정체상권,13347196.76376488,-0.38824945151210427,0.3406381851724979,20007489.285714287,11502725.714285715
3110312,4,성장상권,51911617.36459398,0.28272316500345057,0.16923917973949992,35742181.48,52830382.0
3110313,0,정체상권,42223545.017443396,-0.2845770904900223,0.16954162721764815,44680424.74074074,29332038.68
3110314,4,성장상권,29642481.519230768,0.506689362160747,0.23682443525042074,15260497.454545455,27278716.692307692
3110315,1,기대상권,5525228.043623737,2.264700733057382,0.6181336546463264,2024252.6,6645781.888888889
3110316,0,정체상권,28856514.19819846,-0.32590175272275035,0.17624801641438662,32883364.25,21602450.055555556
3110317,4,성장상권,43801427.33692957,0.6462917073773229,0.27974154200880447,26073176.6,48808211.0
3110319,3,쇠퇴상권,2684266.213636364,-0.3104843075369403,0.2936784420604412,4980077.6,2625000.0
3110323,4,성장상권,15264079.733358135,0.5322447477623484,0.23818524976272556,9471180.714285715,19787901.9
3110327,1,기대상권,4257624.400297619,3.3356231289317195,0.9004061106356274,1762020.0,11927443.0
3110328,1,기대상권,4143756.404166667,3.0603393800314733,0.5027574810749708,1333564.2,7163600.6
3110330,1,기대상권,5477300.058035715,0.3938709098336271,0.17940647370559124,3281542.0,7192013.0
3110331,2,전통강호상권,15983664.798033323,-0.24111924747459113,0.1870224082716846,13709463.153846154,14325823.25
3110333,0,정체상권,9103461.425669644,-0.2753416008332026,0.3215658330437013,10838295.0,6345185.0
3110335,1,기대상권,46509352.6877142,0.18797797209933279,0.18362016194104236,38328543.8,65129564.25
3110337,3,쇠퇴상권,36153908.394608915,-0.11177916019021474,0.13804994202246856,34394696.2631579,33183202.210526317
3110341,4,성장상권,3512670.0339781744,0.49531586658327476,0.3600800316953047,1687124.2857142857,1891465.6
3110343,3,쇠퇴상권,914043.7337797619,-0.05324116378536532,0.45090408887212224,1598732.75,572756.2
3110345,2,전통강호상권,1931302.0182837993,-0.40314702882997067,0.3127219121041266,1876685.6363636365,1135350.0
3110346,2,전통강호상권,62304250.94647817,-0.09996456692435843,0.2083343335201187,47262097.11111111,37718991.6
3110348,4,성장상권,7726204.309399801,0.5506570511946839,0.2882030806872643,2797806.6,7098981.142857143
3110350,4,성장상권,13324722.95610119,1.3885988285517188,0.36948958013305205,2862657.0,17854351.57142857
3110354,3,쇠퇴상권,23075232.94375,-0.37790139434599734,0.3253049616592479,28122234.666666668,14780281.5
3110355,0,정체상권,6715748.473958333,-0.37152528539643925,0.24924959292594567,6539446.5,5840794.25
3110359,0,정체상권,414798.0193452381,-0.8107778292672863,0.8581075778560473,876424.25,211802.6
3110360,1,기대상권,1324027.2922619048,2.783781143477196,0.841636966049712,189908.2,3985093.3333333335
3110362,3,쇠퇴상권,2865008.9761228357,-0.5820264548242655,0.5333216399177484,6122966.333333333,2158940.5
3110367,2,전통강호상권,12602183.388700882,-0.10560118820842272,0.27890804449558204,9365934.214285715,7434063.7272727275
3110369,0,정체상권,11293772.546213334,-0.561623079410211,0.3784714742364839,12817992.333333334,7237541.769230769
3110370,0,정체상권,2955595.083085317,-0.6416210745431714,0.4053217014123943,4578629.333333333,1397099.5454545454
3110371,1,기대상권,1185831.9489583333,0.316568658873166,0.2904399491729342,1658019.6,1820146.6
3110372,1,기대상권,5324577.086532738,0.5940945944051146,0.40914883774768174,3861437.0,7645756.777777778
3110374,0,정체상권,8868596.140476191,-0.19472669469712153,0.15495479142788288,9860399.0,7380276.8
3110376,3,쇠퇴상권,5798823.204598121,-0.4165952704124783,0.3387569885052164,8401653.636363637,4231874.666666667
3110377,4,성장상권,6024848.51875,0.23757936024546117,0.13512777047205912,4797020.4,5966481.5
3110378,4,성장상권,3559965.5770833334,1.169686278266788,0.3392298778538629,2117760.5,3513366.25
3110383,4,성장상권,11915470.673854638,0.9322717236902888,0.33287121378707013,6122274.823529412,15932263.307692308
3110387,0,정체상권,4602382.930654762,-0.4514756293170283,0.34372303315971664,5811495.333333333,3913540.5
3110388,3,쇠퇴상권,6632892.421875,-0.1904465450769175,0.3854902567872375,7802830.333333333,11755481.5
3110393,0,정체상권,18441745.166666668,-0.2557318324930848,0.1585485802719019,19711689.0,16958852.666666668
3110395,2,전통강호상권,3906377.3114583334,-0.329479159229995,0.5029781499551288,664617.0,2408704.0
3110396,0,정체상권,81679535.76413691,-0.11818676223266682,0.1193200881668392,69007011.16666667,84835644.33333333
3110397,3,쇠퇴상권,18250364.634931304,-0.12636425229826145,0.38244342264811493,20560839.444444444,14085129.76923077
3110398,3,쇠퇴상권,20045276.031125993,-0.11705810990243581,0.3232601429959495,15069500.833333334,26451479.625
3110399,4,성장상권,5564728.672048611,2.5147239111055777,0.38413616024152575,2220433.0,6553949.333333333
3110403,1,기대상권,5829829.210763888,5.815888089836145,1.0929432718229282,2954358.0,16400461.333333334
3110404,3,쇠퇴상권,2362349.0842547542,-0.05828889934130955,0.11753822706772231,2567542.4285714286,2168550.8947368423
3110406,2,전통강호상권,30056194.8078484,-0.16866112154743515,0.1630059087950665,25089285.7,26613895.0
3110407,3,쇠퇴상권,6009456.324531188,-0.3080324401888115,0.23723323072381228,7350846.285714285,5043745.0
3110408,1,기대상권,5605057.382068452,0.7835997613869266,0.35893789473484244,3445575.4285714286,8722502.875
3110409,1,기대상권,25587441.581069134,0.2838345164760608,0.19944976298034664,14677429.0,28758563.3125
3110410,0,정체상권,32666007.912405305,-0.23910593841139036,0.20237348133919614,28583406.9,27100103.916666668
3110415,2,전통강호상권,25522582.388410825,-0.07835157965721377,0.09795927523001008,21774617.375,22264110.15
3110417,0,정체상권,3912127.429737103,-0.8372956376540943,0.7238308723305181,5804609.0,715460.8
3110418,2,전통강호상권,12194153.27157738,-0.061993424426149364,0.15110170667281142,10840645.42857143,15246538.833333334
3110419,0,정체상권,17292615.255742446,-0.34899445303455734,0.22565869243354517,17601656.777777776,13061922.217391305
3110420,2,전통강호상권,23828522.329789624,0.016794023238650507,0.14975932660552685,20489410.066666666,25542940.5625
3110421,1,기대상권,27185399.648983136,1.2045368995629888,0.34905532328077177,15266500.9,31725954.625
3110424,4,성장상권,6493722.302444084,0.7730201898207819,0.2556618948081646,3453301.5454545454,9362005.875
3110425,0,정체상권,7682855.80124563,-0.12305599659483461,0.09295151344364136,7946601.7,6631326.5
3110426,1,기대상권,3456266.4547116077,0.2260982047859784,0.15929765541881488,3335164.5,3663152.3
3110428,0,정체상권,10322944.865813537,-0.20301935014086656,0.14801902101001702,13002672.833333334,10253837.9375
3110429,0,정체상권,7390078.910632202,-0.3050894175176067,0.2552293871583558,8162404.052631579,4642345.1875
3110431,4,성장상권,35314858.49396749,0.07002691076331752,0.2170371569343814,23577392.466666665,30389713.416666668
3110432,0,정체상권,2185541.0711767403,-0.6635686185305858,0.4134420599892952,2900173.8,430261.64285714284
3110433,0,정체상권,8680318.143199068,-0.16687493902913722,0.12333811466856262,10053937.111111112,7747428.961538462
3110435,4,성장상권,24890878.08784722,0.2834004891745978,0.21225376259582232,19000916.8,27288791.0
3110437,3,쇠퇴상권,4448803.987500001,0.20766359335640822,0.3468904730455358,4086513.0,3867309.0
3110438,4,성장상권,6310542.477351779,0.922405456677752,0.24019401866137632,4195333.35,8321122.545454546
3110439,0,정체상권,47653928.921875,0.1309129493689155,0.596026494704923,51242293.833333336,53456247.833333336
3110441,0,정체상권,9764012.85864899,-0.29485932281429206,0.1709873631113184,9507080.888888888,7955707.3
3110442,0,정체상권,5554667.569097223,-0.3999282722720844,0.3164928992802237,5603825.666666667,4769153.111111111
3110446,2,전통강호상권,2949515.9229166666,-0.154847099311256,0.18568203089235719,2569668.5,2324134.2
3110449,1,기대상권,10033549.148523351,1.3575130229568957,0.47561047487628505,5544010.25,15524058.0
3110450,4,성장상권,4312834.216122218,0.845538889211055,0.29745754436859007,2741778.625,3852079.5714285714
3110452,0,정체상권,1502218.9677827382,-0.5876067171316838,0.5492561943889076,1211356.25,433972.8888888889
3110453,2,전통강호상권,3681429.2209153697,1.7155261459233817,0.4785659677915745,1033759.375,3426151.5
3110455,3,쇠퇴상권,12555638.856590545,0.03142129942953032,0.16776563715850243,11051836.416666666,12867898.76923077
3110456,3,쇠퇴상권,1340619.8265801398,-0.5751807330671117,0.494608050061475,2329246.090909091,964264.8666666667
3110458,1,기대상권,15660094.967708332,0.6705908330216548,0.3702913067367915,6476897.0,20796266.888888888
3110460,3,쇠퇴상권,2941640.2339781746,-0.5687252098881139,0.4412321219984708,5043629.642857143,2164026.9285714286
3110463,4,성장상권,12514659.636458334,0.22594316458571323,0.20995848780821894,10561474.25,10273085.2
3110464,3,쇠퇴상권,5349045.5461535,-0.3670706397334211,0.6422290261722431,10592223.25,4981309.5
3110465,1,기대상권,12825880.367746715,0.820312049247415,0.3064182164397411,9109887.846153846,14989183.615384616
3110467,0,정체상권,3685632.63702426,-0.5868095283581768,0.34654421737631225,4834786.5,2164910.0
3110468,2,전통강호상권,6699101.308457023,0.13600849463191608,0.2843843141320638,5375771.666666667,2675951.086956522
3110469,0,정체상권,1227037.219822112,-0.6353870929232804,0.46964745740571473,2702266.714285714,448673.64705882355
3110470,3,쇠퇴상권,1787314.8604166666,0.06879890300480213,0.5457411443113489,1738392.1666666667,1489130.8333333333
3110472,1,기대상권,3483201.2000879175,0.9109939898326032,0.4024291292609063,2722733.777777778,4995777.928571428
3110473,1,기대상권,1628444.9392203283,15.736709520849443,0.891240375150137,256801.375,4186698.1818181816
3110475,2,전통강호상권,8054901.117045456,0.4560982697799932,0.4291193189877091,4373283.0,5200533.545454546
3110477,0,정체상권,5252822.348504621,-0.3181185678542261,0.18155338893951325,6158314.571428572,3370460.4615384615
3110481,3,쇠퇴상권,6251712.79321876,-0.05508079230283088,0.3967593992270043,7644100.2727272725,7237146.769230769
3110485,3,쇠퇴상권,5710671.538194444,0.005871813527285648,0.26759061960032643,4509505.8,7226084.375
3110486,1,기대상권,31635011.2405754,0.6968548270659518,0.293725516836877,20565340.0,47720609.85714286
3110487,4,성장상권,21055629.907291666,-0.031239466054991782,0.20655717720567585,20327002.833333332,16218288.5
3110488,3,쇠퇴상권,3807573.711011905,-0.06938534686287795,0.23011220118164313,4822922.555555556,4238456.8
3110492,0,정체상권,28925586.49516369,-0.25018614241480985,0.14177990212891683,29463358.0,24580962.0
3110495,1,기대상권,10904522.874310324,0.05658477972579965,0.10185803871307487,10911673.0,12289658.153846154
3110498,0,정체상권,11341887.072111743,-0.3774694655727576,0.2176923366247944,11970760.25,8373173.363636363
3110500,3,쇠퇴상권,22722977.588541668,-0.12653572259089357,0.12484589057282328,21214249.75,21051320.666666668
3110502,2,전통강호상권,1970302.5068169576,-0.0018567453751227466,0.1461961780006921,1258570.0,1697299.5333333334
3110503,2,전통강호상권,11443756.966251943,0.11454117728830052,0.29174863462034595,6820909.157894737,9279193.84
3110507,1,기대상권,18079450.75526766,0.44722779505992444,0.19575637454227982,11632153.76,23457279.911764707
3110508,1,기대상권,23970859.850005984,0.18975659014386675,0.14778774870143943,16208386.05,24222424.28125
3110509,1,기대상권,25307154.58499472,1.2955430349440302,0.47054992658139466,17030791.714285713,59119409.47619048
3110510,2,전통강호상권,9441905.355208334,-0.13284938525324005,0.28009106980462306,8047299.833333333,7259487.0
3110511,4,성장상권,12107155.25329861,0.13734497482796787,0.1506782697375404,9372427.375,12615021.0
3110513,2,전통강호상권,15813460.479094516,-0.010956537121337512,0.1508434561206225,13387617.42857143,11528459.454545455
3110514,2,전통강호상권,77957858.10416667,0.07535360092418282,0.2176863788670398,61786367.333333336,82341629.5
3110517,0,정체상권,6283401.904166667,-0.8402642548683897,1.0537178596874068,12663673.25,2519257.6
3110519,0,정체상권,2896858.6555059524,-0.548368789585737,0.336084871710886,4418585.25,1857703.7142857143
3110520,0,정체상권,7375888.052083334,-0.7653085098390843,0.8187674891702134,8258994.0,3376633.8333333335
3110521,3,쇠퇴상권,9717767.760416668,-0.027239549684374968,0.17573445087123543,8121250.0,7681898.25
3110524,2,전통강호상권,80042302.94791667,-0.5934171631339289,0.3390394367210646,84835329.66666667,30187854.25
3110525,2,전통강호상권,22339871.180208333,0.032507120200189275,0.2257642437798204,11541416.75,17072519.0
3110526,4,성장상권,21252756.604166664,0.6475294144954487,0.36711126250211684,13263371.333333334,23587392.333333332
3110528,3,쇠퇴상권,10275804.505109128,-0.07424110472242086,0.21563280892265352,8634570.888888888,8234370.444444444
3110532,2,전통강호상권,618397.4916666667,-0.540376221930559,0.9365375562093031,252820.0,470035.0
3110537,0,정체상권,3186244.6407332253,-0.3013857877975917,0.173627469929894,3369582.3333333335,2409516.5714285714
3110539,2,전통강호상권,7014016.965329252,-0.0696338135548325,0.14133812642030866,6458467.75,7428504.571428572
3110541,0,정체상권,6671644.667921762,-0.328971464114424,0.23451693074400937,8676352.42857143,6159961.19047619
3110542,4,성장상권,11550753.819655702,0.2964306515143993,0.20792090702269678,6967900.384615385,14824339.263157895
3110543,3,쇠퇴상권,2975758.778125,0.0009399018263387696,0.3021656582590349,2094623.5,3604187.25
3110544,2,전통강호상권,13889827.29215869,-0.15928898800909563,0.11072917563024694,11758621.907216495,10458884.168067226
3110545,0,정체상권,38915418.00107028,-0.30280826201831135,0.18500036705077558,45892183.0,32270227.307692308
3110547,3,쇠퇴상권,10923959.512754638,-0.19374433568065094,0.20776072931037654,11834418.583333334,10244324.333333334
3110548,0,정체상권,15724940.405981692,-0.47969253056956723,0.331844406555927,27482185.85714286,12675577.25
3110550,1,기대상권,7353110.040248719,0.26580312414805973,0.11437578704711934,6080060.448275862,8264110.525
3110551,0,정체상권,11988416.770960812,-0.39270470401473784,0.32725995190929813,8181339.0,11300112.5
3110553,3,쇠퇴상권,5400698.753645834,-0.05008550464206714,0.12075158419870685,5687436.6,4395676.333333333
3110554,3,쇠퇴상권,7425584.656261224,0.03441218816834935,0.14296377069447735,7084600.2,8703396.21875
3110557,4,성장상권,10679785.180295134,0.11446297099041378,0.17198048334706612,8287712.8,7273600.588235294
3110558,4,성장상권,7941044.844800253,1.371714578580908,0.35418273895316277,3671573.8484848486,8358620.755102041
3110559,4,성장상권,28811265.64114336,0.3060841804148538,0.1928280726464684,20859383.914285716,27201479.44736842
3110560,3,쇠퇴상권,785578.5133522728,-0.14399599794529033,0.23418764421849422,961877.1538461539,1149146.111111111
3110561,3,쇠퇴상권,40199129.578461125,-0.020798350213376622,0.16024837619417137,38522899.45454545,44985331.7
3110562,0,정체상권,15638668.145198802,-0.1909540914392441,0.16957831967193912,14188110.288461538,14439138.90625
3110564,4,성장상권,20325849.61963813,0.28682710849596604,0.17885727263388523,15671725.4,19458358.147058822
3110566,0,정체상권,23628870.26455896,-0.16711284274112387,0.10560789493362994,24000288.98666667,21266968.75
3110568,0,정체상권,12170259.907738093,-0.8200721882055292,0.733343919506259,6475745.75,2201080.6666666665
3110569,1,기대상권,19107037.497998852,0.5392407757070351,0.2165949461826757,14026402.861111112,24764170.615384616
3110571,1,기대상권,3237333.1248759916,0.6632370944243546,0.35719763651628045,2006870.2222222222,4737105.714285715
3110572,2,전통강호상권,30552558.92146893,-0.1334949861537837,0.15010457198908167,23979418.56521739,25171489.740740743
3110575,1,기대상권,2805156.564583333,0.18723056388926532,0.17076334965247958,2080834.1666666667,3368588.6
3110576,0,정체상권,26505076.17501021,-0.3206893088662821,0.18116380634795343,23005396.583333332,21208895.863636363
3110578,4,성장상권,12193523.620921243,0.3491373967404103,0.20198822123795615,7226232.478260869,11995390.538461538
3110579,4,성장상권,9635114.6875,0.22188180696942936,0.1505807933418227,5810118.666666667,9559438.0
3110582,4,성장상권,25624672.499553572,3.52172055812797,0.5372038761368789,8268969.25,4955547.428571428
3110586,2,전통강호상권,19520262.434941523,-0.05031574647517111,0.1471725565269776,14047875.631578946,14545925.52631579
3110587,4,성장상권,1628009.3916378762,1.6180984466124686,0.5914268469176088,640978.75,2319783.4545454546
3110588,0,정체상권,17323133.547842264,-0.3069051064010144,0.16486562052844458,17919716.6,14118297.875
3110593,0,정체상권,21875497.248809528,-0.450548628201316,0.2867375800889684,28099652.6,16474028.42857143
3110594,2,전통강호상권,4203791.209375001,-0.265747524713245,0.2404359148292926,3920758.25,3319706.2
3110595,1,기대상권,11153660.568669872,0.43208228459524983,0.2180787915176673,7433402.583333333,13198845.8
3110596,3,쇠퇴상권,5067773.11939935,0.11976481786019094,0.33489955425283074,4261365.833333333,6333333.333333333
3110598,2,전통강호상권,8742396.799585138,-0.07064306577557307,0.18868831290769156,5986051.857142857,7342633.2727272725
3110599,3,쇠퇴상권,3755770.208333333,-0.009844928100526201,0.17110383174339824,3124941.4285714286,4625950.833333333
3110601,4,성장상권,6740858.4795882935,0.7249484927219155,0.4501679086666711,3374000.6,5549867.777777778
3110603,0,정체상권,6627486.902008928,-0.21317348170067105,0.21424172549173945,8257279.833333333,8167176.0
3110606,2,전통강호상권,16388458.827083334,-0.28443364429996376,0.18336936554031766,13900515.25,12154744.4
3110608,0,정체상권,18101471.852976188,-0.47619355177391925,0.318200377681825,19983701.0,14741687.166666666
3110612,3,쇠퇴상권,16168289.9031002,-0.11775691553374643,0.20030619573625666,21679223.0,17465520.285714287
3110615,3,쇠퇴상권,8039191.150189394,-0.24005162357235593,0.3699838925942249,8514390.7,8982980.666666666
3110616,2,전통강호상권,4826149.441666666,-0.6893935945173499,0.7287051789740108,4151610.0,2449404.0
3110618,0,정체상권,4948567.883928571,-0.6561030321375936,0.5414108371934687,5503586.666666667,3728157.0
3110620,2,전통강호상권,7405278.424421386,0.0455424380757748,0.13699002580077768,5867654.705882353,5905668.736842105
3110621,0,정체상권,6339067.833779762,-0.23093572257838,0.2562191024212511,4642664.4,3678208.0
3110622,0,정체상권,5302744.24516369,-0.5961365621375084,0.3588827004356416,5193425.666666667,2180070.8333333335
3110625,4,성장상권,4582459.056818739,1.088498692267133,0.2835617757714498,2444301.5263157897,4997382.68
3110626,3,쇠퇴상권,2094753.3549107146,-0.41626684964707905,0.44798012870722537,4801888.0,1477938.5
3110627,3,쇠퇴상권,9280186.685416669,-0.16674635362263307,0.1599447828039077,7943832.0,9079438.666666666
3110630,1,기대상권,5485974.281119922,0.14000769236654909,0.15518367988395862,5238546.666666667,6315348.214285715
3110632,3,쇠퇴상권,18297182.36376263,-0.05130767025923713,0.07990930219886146,16595513.888888888,16039913.888888888
3110634,3,쇠퇴상권,2531517.819368132,-0.34449870707019414,0.42730134965687716,4148283.2,3014615.785714286
3110636,3,쇠퇴상권,8645157.061203554,-0.23903945080234282,0.2736071062245711,5898033.333333333,7319119.555555556
3110638,4,성장상권,5171949.681568735,1.27011439976896,0.2914201781002591,2941376.2,6393992.05
3110639,4,성장상권,3015304.614583333,1.0782438615288104,0.37830508316827516,1816893.3333333333,3034578.75
3110640,1,기대상권,33070893.789756946,0.44243314901617364,0.22249828711926958,22509565.444444444,33330960.25
3110641,1,기대상권,7780116.169568453,0.40224833754539835,0.2877934090239304,6975777.714285715,8753931.2
3110643,0,정체상권,4477207.336111111,-0.5206859070955697,0.3547103657446063,5921129.25,2260282.222222222
3110645,4,성장상권,36778301.30729232,1.0527406799980779,0.3448907675366385,18626473.29411765,34846915.64
3110646,4,성장상권,5108351.331853563,1.153297915021476,0.3304827347030761,2196836.8333333335,6566768.1
3110647,2,전통강호상권,836912.5673450779,-0.24789488447621558,0.4185134891371328,216022.6,577963.3846153846
3110649,4,성장상권,19336694.041790675,1.6507995615145798,0.3879076492511324,6431269.714285715,27851299.0
3110650,2,전통강호상권,1182987.0690476191,-0.04230769230769234,0.3204973603451482,1000000.0,857142.8571428572
3110651,0,정체상권,14428165.849826388,-0.26647915082543505,0.13932145349425898,16011503.875,12771749.444444444
3110652,1,기대상권,11745335.17847222,0.308263936713699,0.23661876228049633,10385150.777777778,16227001.857142856
3110654,4,성장상권,11982854.77418337,0.7624842728729738,0.23972610467339886,7122244.7272727275,13795594.1875
3110655,1,기대상권,26336856.52596917,0.05907798594123214,0.09110914108953957,22884272.666666668,31391472.92857143
3110656,0,정체상권,4474039.109201389,-0.5671627042288373,0.34826056145951745,5897092.125,1904400.5
3110657,3,쇠퇴상권,13129176.802478403,-0.13941649324573657,0.13894857473104247,13602058.583333334,10158149.133333333
3110659,0,정체상권,15881251.628257338,-0.16487941523411473,0.15781866255989754,11831882.2,13678019.933333334
3110660,4,성장상권,17937028.394642837,0.3296011168040439,0.20956445172132326,10023951.333333334,18124054.57142857
3110662,2,전통강호상권,1427032.4424937041,-0.5688713511458293,0.43220276363653504,1523764.2857142857,162564.7857142857
3110663,1,기대상권,37853463.905959144,0.7010138262666074,0.27613314215401397,30214101.888888888,64502075.428571425
3110667,4,성장상권,10048946.973214284,0.13127609902742488,0.19060249497702364,7301989.875,9349746.42857143
3110668,0,정체상권,3954473.319368132,-0.6439525065267986,0.5328572453632632,8434420.0,2158643.230769231
3110670,1,기대상권,2582221.653422619,0.4915233811946943,0.34043056450877174,1615209.2,4372867.75
3110671,0,정체상권,18557781.647294022,-0.45611982569503423,0.32219685373199425,28041189.0,12594975.333333334
3110684,4,성장상권,39277197.577083334,0.20873540674340046,0.1763675192320951,20335463.0,38742359.75
3110686,0,정체상권,4650794.935416667,-0.4776698427285595,0.3884683612455823,5922519.0,3931611.25
3110690,2,전통강호상권,6803756.262030591,-0.2629642593023424,0.2158620564792813,6028472.4375,2786280.5714285714
3110694,4,성장상권,2515491.2444196427,0.33423763069811435,0.2686069158663611,1444053.6,2629606.0
3110695,3,쇠퇴상권,10434488.877874518,-0.15675226464405945,0.17101538683300194,11437612.75,9690020.647058824
3110697,3,쇠퇴상권,6064592.362053571,-0.4623684002633319,0.40505763881812074,13283347.0,4537646.857142857
3110699,1,기대상권,4808863.663095238,0.1661233918740919,0.25008131920684423,4623883.5,5864561.555555556
3110701,1,기대상권,7140181.652678572,1.3056304193003885,0.46764484391088657,3729852.8,10483631.142857144
3110702,0,정체상권,5039786.938467262,-0.45513852982081476,0.36388563160408505,5391790.2,3902491.125
3110703,4,성장상권,24963199.24139385,0.16515331150766568,0.16160692381749522,16483900.75,23013617.666666668
3110706,3,쇠퇴상권,36574924.11191724,-0.2794957708653478,0.2220236550256903,40164001.222222224,33526279.866666667
3110711,2,전통강호상권,9206446.2078125,-0.04334128206326774,0.17607110145776178,6688149.2,7916500.428571428
3110713,4,성장상권,4560935.359129978,0.32823312757878986,0.13142654400075032,3651094.3529411764,5008436.4
3110714,2,전통강호상권,59277016.51711309,-0.024357045991839767,0.24329936358691734,44129647.71428572,42104955.333333336
3110716,1,기대상권,48092646.69513889,0.41895715268984296,0.26682798923063417,39702879.333333336,64181811.0
3110717,4,성장상권,7420689.50418245,0.43127714410266343,0.33673158519453933,5752213.181818182,8216381.2727272725
3110718,1,기대상권,9707749.753262868,0.44940483562950706,0.2196569435495067,8202494.833333333,13721753.866666667
3110720,1,기대상권,11253537.760416666,0.45191980297547235,0.6530996317047969,9432075.333333334,38702122.75
3110721,4,성장상권,6619091.106250001,0.3961168313466164,0.17264126255189813,3517289.0,8502976.4
3110722,0,정체상권,9502261.925,-0.3871595374802435,0.24279720407417457,9036190.8,6000000.0
3110725,0,정체상권,14349170.63142864,-0.43907332600529425,0.25510490619042553,19049342.666666668,9843041.555555556
3110726,3,쇠퇴상권,3371095.4458333333,0.05811260406245984,0.4910342820597369,4713238.333333333,4208554.0
3110729,0,정체상권,2080492.823958333,-0.46837938564423137,0.29906769344685313,2648280.3333333335,1590127.2
3110731,0,정체상권,24268905.595751688,-0.4116924162862974,0.21204055681677897,26098210.85714286,18351248.29411765
3110732,1,기대상권,12971955.970362104,0.338007423557806,0.16560953209655754,11455845.166666666,18204554.8
3110736,2,전통강호상권,1223601.8601190476,-0.11847276780960025,0.3817650290627147,564244.5714285715,107679.42857142857
3110738,3,쇠퇴상권,9919072.523112826,-0.5047548317598806,0.845283898440492,31382445.666666668,23332011.6
3110742,1,기대상권,24693746.0827877,0.7098657015824471,0.31839151183283576,10321718.75,39749612.71428572
3110743,4,성장상권,1852758.4351190475,1.427533522767993,0.5105891837287521,1692248.1666666667,1955576.0
3110744,1,기대상권,5663709.56067162,0.43024486805119294,0.2053714486285208,4052926.111111111,7630955.2727272725
3110745,0,정체상권,19581497.929315478,-0.3149240673643554,0.26518949928324237,19607211.0,14035151.714285715
3110749,0,정체상권,5254017.857142857,-0.5833333333333334,0.36228431272311523,9000000.0,3375000.0
3110752,0,정체상권,950717.8242491883,-0.758293423991458,0.6927413589217314,1797303.0,396096.8888888889
3110753,3,쇠퇴상권,10671504.780239899,-0.08941578394706216,0.17721980223996972,8848465.333333334,9429012.2
3110755,4,성장상권,18395285.121875,0.5025896434588424,0.1701300786663912,10943299.8,18161550.5
3110756,0,정체상권,1506894.3047619048,-0.5293227541028548,0.40851833885745653,3398494.3333333335,826357.0
3110757,3,쇠퇴상권,16879377.572382823,-0.13275318266133795,0.19836901616030275,18361963.75,16829555.272727273
3110759,2,전통강호상권,19089354.70138234,0.04195420515694534,0.08200510365940776,14145498.692307692,17114705.714285713
3110760,0,정체상권,41482451.10530268,-0.28939766352117197,0.19107629522661676,39157809.5,29736878.40909091
3110762,0,정체상권,26701977.385377035,-0.5168832194533084,0.2628624745498452,31988383.363636363,13655173.73076923
3110763,1,기대상권,26837401.461481832,0.4178633054394828,0.23360468531414932,17403903.14285714,30089052.63157895
3110774,0,정체상권,3251360.511693515,-0.2563592688558453,0.13529096432103407,4022830.2,2848968.727272727
3110778,1,기대상권,4825228.614705086,1.0055104063951497,0.3431865462611692,2487546.5714285714,7596472.2
3110789,3,쇠퇴상권,19245407.01294643,-0.015794646537259587,0.35401408932010564,18108319.14285714,27481348.222222224
3110792,1,기대상권,42082726.041666664,0.5343119494061116,0.3606690222476298,24562442.333333332,56568762.333333336
3110794,2,전통강호상권,18172293.058080807,0.3742257594647389,0.2658504721768656,6957797.9,13812929.111111112
3110804,1,기대상권,8918770.703348214,1.5412074736853203,0.6225093241940838,6951755.25,17824588.4
3110810,2,전통강호상권,20768539.698910985,-0.043425350826286,0.1771618946318861,12926929.714285715,16986431.636363637
3110812,2,전통강호상권,47549014.09546131,0.0661644238546067,0.2624213587724695,21344528.2,43270559.875
3110813,2,전통강호상권,1676292.4100925117,0.29103220182244244,0.6363499575396254,702533.375,834254.4615384615
3110814,1,기대상권,20762887.88628472,2.7037532188298576,0.5323374608033252,7990916.555555556,38221517.428571425
3110815,2,전통강호상권,18613527.599656314,-0.15216097990761865,0.18698200615536703,13421794.352941176,13949425.5
3110819,4,성장상권,15539955.645754417,1.6333096218966985,0.36697465248000083,3649527.6,18237602.555555556
3110820,3,쇠퇴상권,9397995.289756944,0.06146816195183621,0.14774505536778942,8236230.833333333,9182643.555555556
3110821,2,전통강호상권,9139628.537873065,-0.09925842904646595,0.17934496934167166,7969436.875,9638543.272727273
3110824,0,정체상권,17455276.419676676,-0.405563545516016,0.24125566450213942,24798906.25,14506649.0
3110825,0,정체상권,5428983.072172619,-0.6436017910991112,1.0018252463711552,3197516.4285714286,6432236.333333333
3110826,3,쇠퇴상권,3147135.4084226964,0.005812990283896895,0.19465057623361473,3084637.846153846,4138514.5555555555
3110827,0,정체상권,26369138.591666665,-0.5576107982610108,0.3687007987135139,27111127.666666668,19127394.25
3110828,4,성장상권,15325479.923643973,0.13791305708627977,0.1324846346571232,11445614.470588235,15658546.090909092
3110830,3,쇠퇴상권,3149910.601089015,-0.3746084525292875,0.4637103001563895,4404574.166666667,1695529.9
3110833,0,정체상권,1012282.3197172619,-0.6029027833032723,0.43232400029573254,1462243.1666666667,362375.8
3110836,4,성장상권,15443191.535033809,0.2147213009519596,0.14513512122323027,10063740.685714286,17367122.09375
3110837,3,쇠퇴상권,22237680.169444792,-0.2507097534098066,0.1663130840287711,25666959.125,21626622.53846154
3110839,4,성장상권,52693532.943152405,1.616797648985626,0.36788711974725813,25560089.76470588,74527119.61538461
3110840,0,정체상권,29672082.02333385,-0.10700136456895498,0.11365787542137695,27427952.476190478,27975879.0
3110842,1,기대상권,15631221.930962788,5.945711492521612,0.670741537016086,3572016.6,28965090.0
3110846,4,성장상권,10401846.900593402,0.2158406519473325,0.1942593451859263,8049163.0,9822356.863636363
3110848,0,정체상권,762273.57317162,-0.5885531957483041,0.3803063331746885,1027270.3,424675.0909090909
3110850,1,기대상권,12609842.342183497,0.06589333211278388,0.0873911576683434,11686344.043478262,13148279.172413792
3110852,1,기대상권,2632858.5128300516,11.239656250493095,0.9395969541264098,500000.0,10200000.0
3110853,2,전통강호상권,13023748.321875,0.1637408933445595,0.26867928018994136,8084410.75,11456196.6
3110855,0,정체상권,14165363.882781766,-0.3398018813890307,0.18412797086175572,14224981.4,10609151.05
3110856,0,정체상권,9803654.859424602,-0.5464588138566351,0.3402548876347855,14838603.2,4104224.888888889
3110858,0,정체상권,12296898.277232142,-0.4532864745568244,0.27064223079830263,16651980.4,6231503.25
3110861,1,기대상권,5845867.281034158,0.5250454457975486,0.5342278767045261,6158652.0,10884007.4
3110863,2,전통강호상권,13750836.988999369,-0.027674693316876338,0.2592786891319983,8683691.0,9269561.9
3110865,2,전통강호상권,76461262.09791666,-0.15882346359382182,0.19801386337087326,73803779.0,80142636.75
3110866,0,정체상권,5681847.728794642,-0.234178996565934,0.10705839862213895,6500000.0,4856375.375
3110868,2,전통강호상권,1615199.1966655129,-0.1960723060272283,0.475988821027952,542398.8888888889,1444304.1538461538
3110869,3,쇠퇴상권,7765106.21977184,-0.2414119722253715,0.19509718111502133,8535243.684210526,6436758.612903226
3110871,4,성장상권,13441713.82328869,0.37649326272774825,0.1724182707279321,10046046.0,14482275.42857143
3110873,0,정체상권,4155181.2164062494,-0.674236942503828,0.449669091392681,7471286.083333333,1548042.2666666666
3110875,1,기대상권,6908758.7860119045,0.917620069800854,0.6239308248741827,4208494.166666667,11110979.142857144
3110877,4,성장상권,33453157.700549103,0.7945945073576687,0.2808939772264957,22175629.833333332,41831352.28571428
3110881,2,전통강호상권,30712104.877887208,0.02080869875137947,0.19334988622195365,20627032.0,26163079.2
3110882,2,전통강호상권,10038718.355036978,0.04967877888941373,0.1901797954994979,7748875.625,6581758.777777778
3110883,3,쇠퇴상권,2741072.878704282,-0.330156704783163,0.34882773530216915,3028244.0,3414128.3636363638
3110884,3,쇠퇴상권,1858121.7062499998,0.05675219857335527,0.6559479556086271,1056797.6666666667,2833668.6666666665
3110885,0,정체상권,1554421.9436641484,-0.6818629870186342,0.44478075228543196,2189316.9166666665,365851.46153846156
3110886,3,쇠퇴상권,17881724.43497475,0.036567337176065993,0.21816794724398755,16855376.222222224,20578608.7
3110888,3,쇠퇴상권,3579969.775173611,-0.3265599553001489,0.31199297852062946,3894052.4,2633799.4545454546
3110890,1,기대상권,6645130.735615079,1.2597008040475075,0.4066799712458281,4292207.0,11961687.142857144
3110891,3,쇠퇴상권,6273777.761755953,-0.2201682191521134,0.20480120878023778,7927484.666666667,4482454.3
3110892,3,쇠퇴상권,2184264.498274887,-0.060372022259226235,0.1482961991850792,2077455.1538461538,2049648.6
3110895,3,쇠퇴상권,8566827.29240974,-0.02676021010683724,0.12853392134351224,7210646.62,7706448.85106383
3110896,3,쇠퇴상권,2452983.277380952,-0.22200207527312515,0.18664024327394438,2798973.2,2168351.4
3110900,3,쇠퇴상권,12690080.45160985,-0.36993659801106193,0.2517642717611588,12810653.0,8035521.7
3110901,2,전통강호상권,9599667.733482143,-0.2574852664245846,0.18214573322201735,8112772.0,6891678.75
3110902,1,기대상권,14066941.055303624,1.5508841519085501,0.45496104090693773,8502006.333333334,21284550.8
3110903,2,전통강호상권,13624607.841429925,-0.211636132249841,0.2609166869807818,8784231.166666666,12834203.625
3110904,0,정체상권,25455057.923295453,-0.7385576636693829,0.5605658396998233,39178274.125,9312087.7
3110907,0,정체상권,3490012.8243389428,-0.5108476669569232,0.27788351594300015,3830100.3333333335,920774.0769230769
3110912,4,성장상권,42058153.10701885,0.5037376790955683,0.23551074285418988,18003661.75,42901400.0
3110913,1,기대상권,2428536.032093254,0.3792518189932585,0.7053296883592814,3390672.7,2797450.714285714
3110915,0,정체상권,135181992.22083333,-0.6041388372460245,0.37131761495487103,147887777.0,35795423.0
3110916,2,전통강호상권,31542871.8125,-0.14857420475027858,0.6050399946918288,19495215.4,17231583.0
3110921,2,전통강호상권,42758118.646874994,-0.16649135047937313,0.22416028155316448,31289451.4,26315276.2
3110922,0,정체상권,10200670.459375001,-0.2539512207182235,0.2531955300725717,9499584.6,6304077.4
3110925,1,기대상권,22344921.166166127,0.607701582509419,0.3174547920080547,13698996.1,33426123.25
3110926,0,정체상권,7435653.286334325,-0.5436567450966416,0.35439326693079,10174172.57142857,6204001.857142857
3110929,3,쇠퇴상권,798634.8050491175,-0.46207529143650955,0.49185546009556536,1530002.25,324584.45454545453
3110930,2,전통강호상권,3348267.3791666664,-0.49393088266791246,0.4554952564938489,2227541.25,1045641.75
3110931,3,쇠퇴상권,51344177.651531026,-0.23649152746096347,0.19808783572880198,58297352.615384616,55590907.166666664
3110934,0,정체상권,8396438.725883838,-0.7585152233244756,0.5183448270786082,15149937.75,3059856.4166666665
3110936,0,정체상권,112836534.43422619,-0.2734253335032192,0.2364395397537447,103412327.6,115661702.0
3110937,2,전통강호상권,82351635.75,-0.08449521558251505,0.13457715943635112,72874011.66666667,75740676.66666667
3110938,2,전통강호상권,43855414.4898043,-0.01941611539279777,0.1896722277505762,31652773.272727273,32490549.833333332
3110939,4,성장상권,26581167.88664957,0.1707359259778622,0.11944442970997517,19537061.0,25001861.32142857
3110942,0,정체상권,20931401.508408584,-0.24497445954137728,0.14308602388974817,23664081.647058822,17531019.35
3110943,4,성장상권,8398673.323412698,1.3121072667329596,0.3973238983954273,4605564.5,11963787.25
3110949,1,기대상권,18130083.225189395,0.3812066741480236,0.2116499506832051,12162021.090909092,22361520.333333332
3110951,3,쇠퇴상권,5581640.102396735,-0.04379516888228045,0.6145999525962627,3395612.714285714,4665459.875
3110954,2,전통강호상권,248672583.78143936,-0.04347925319558124,0.21191239018020638,186233712.72727272,206763576.45454547
3110955,0,정체상권,1904578.6504851663,-0.2866002861643542,0.2021471538675656,2369463.529411765,1877911.7741935484
3110957,4,성장상권,19145593.12701644,0.2575670482575277,0.17317250073726143,14915551.454545455,21046735.266666666
3110958,1,기대상권,12521349.308854166,0.3668476407219287,0.3034331417869129,10210604.444444444,18439653.4
3110961,3,쇠퇴상권,19810842.698660716,-0.27427244326211453,0.41542954071301313,21295002.333333332,25703271.0
3110965,3,쇠퇴상권,8672082.133159723,0.05091618885932709,0.1421577984878834,7946158.25,8255468.8
3110966,3,쇠퇴상권,17636040.544220228,-0.19830244896718002,0.2539867499716117,18694175.384615384,19917379.5
3110967,4,성장상권,6063503.480654762,0.5613941481166868,0.24034433567104677,3353055.285714286,7217821.571428572
3110968,3,쇠퇴상권,7728839.865625,0.08705736147151914,0.242578765458296,7151948.333333333,8676348.2
3110972,2,전통강호상권,25817986.520833332,-0.262126809956905,0.2838570936619284,21254762.666666668,11294571.5
3110976,2,전통강호상권,8135819.812127976,-0.009278790504489277,0.14029049304034094,6558762.285714285,6298763.0
3110981,0,정체상권,44805753.894097224,-0.1822158397091196,0.10562124409752942,46260772.25,41983831.375
3110983,1,기대상권,13853796.141666666,0.5966517627919912,0.23865158936117853,11780953.0,15634584.0
3110984,2,전통강호상권,15277677.304987375,-0.06750370388299666,0.17157507544608655,8069711.222222222,12505585.538461538
3110985,0,정체상권,11661398.458333332,-0.3253609328470537,0.20049227343601284,12034531.333333334,10400887.0
3110989,1,기대상권,6992258.2109375,1.1849605780796675,0.3840076899793589,4842475.428571428,11524079.285714285
3110992,4,성장상권,13849901.883430112,0.24490491436374065,0.1919025685152635,10377194.75,13063955.833333334
3110994,4,성장상권,20123628.852455355,0.9234098861062935,0.31203261262018506,9876792.8,18236275.125
3110996,3,쇠퇴상권,33619091.99791667,-0.4584863948043636,0.5335879189292639,82025529.0,25959774.6
3110997,4,성장상권,21873570.5510036,0.05267161191069665,0.16679367146697568,14753301.130434783,19471300.827586208
3110998,0,정체상권,97279497.03943452,-0.2537174756660603,0.1719323766313987,89199102.66666667,75544637.85714285
3110999,0,정체상권,53378631.83349931,-0.2073527978255871,0.1428436348496988,48838666.0,42592123.0
3111001,4,성장상권,10018640.765029762,0.25514870479373086,0.15088700384299222,8903343.0,9527860.4
3111003,1,기대상권,55969812.2328859,0.21050061447093782,0.11496758836117205,36167609.333333336,66290780.176470585
3111004,0,정체상권,23400087.611880176,-0.3934302835074614,0.2190062660595486,25170746.09090909,15416483.038461538
3111005,0,정체상권,7809694.917897727,-0.28841610380865573,0.20525580014608355,9154640.4,6570177.5
3111006,1,기대상권,20360860.784227535,5.139462230223911,0.8673775475230957,7178014.5,45402656.46666667
3111007,1,기대상권,7716938.399305556,0.5395078955651698,0.3141061910364297,6946439.888888889,8335725.0
3111010,3,쇠퇴상권,8551565.977059502,0.11679917602099253,0.32288033131000893,8593998.736842105,11871757.263157895
3111012,0,정체상권,8157200.171638502,-0.29630801777015,0.2046318645931451,8951985.92857143,5417911.0
3111013,1,기대상권,11829997.484216122,0.3689011603851486,0.2709000745503759,9910094.237288136,16640736.306666667
3111015,0,정체상권,5806769.700302381,-0.30201189152415464,0.1740723897829032,5494869.583333333,3293071.59375
3111016,2,전통강호상권,8597741.283928573,0.09724705823965737,0.22975090532845832,7239229.333333333,10903178.0
3111017,4,성장상권,16041267.005208334,0.37250021691161894,0.17171157298348055,9822103.5,18771889.666666668
3111019,1,기대상권,12119459.822117466,1.812933064798883,0.48015614140753504,5293396.545454546,18649028.416666668
3111020,2,전통강호상권,12024654.737560876,0.06824625928093103,0.1877943051592139,7321822.5,10260800.785714285
3111021,2,전통강호상권,12386916.1676841,-0.0628046305279621,0.1391960040716587,9134302.735294119,9245302.575757576
3111022,2,전통강호상권,2316901.875,0.2659534309078268,0.22326751713077736,1041317.0,2960366.3333333335
3111023,3,쇠퇴상권,8500294.53179182,-0.24478731796700517,0.28547786529766034,10505236.5,6173833.733333333
3111024,0,정체상권,1098880.1035714287,-0.5769230769230769,0.33804993294716346,2000000.0,750000.0
3111025,4,성장상권,8688044.25,0.08619532235074413,0.13111823688208715,7511141.25,7809917.4
3111026,1,기대상권,13583596.10045737,1.0354225416800682,0.378598372969193,8036757.642857143,17760084.85714286
3111027,3,쇠퇴상권,13822031.764062326,-0.1656511948078559,0.1425780037317128,13981735.25,14563962.777777778
3111028,2,전통강호상권,8754926.335689485,0.00419564167290634,0.16391462342870355,5308618.375,8207896.285714285
3111030,3,쇠퇴상권,12906378.526709402,-0.08195032614231036,0.11261546103582691,13213455.818181818,10308863.636363637
3111031,2,전통강호상권,12321063.645437896,0.30089012340426835,0.2006579821128816,8446617.166666666,14512705.363636363
3111032,3,쇠퇴상권,4889696.564583333,-0.23294340851304066,0.24309121690916563,7324697.5,4558191.857142857
3111034,0,정체상권,4408748.894998058,-0.5562704406863752,0.32680338007722143,5015747.333333333,1906506.2727272727
3111035,2,전통강호상권,14181983.816220239,0.015511143958261945,0.2558043523285464,8172434.285714285,6317960.125
3111036,1,기대상권,7703719.838541667,0.16739812237211996,0.1408479692818536,6294678.0,7119864.0
3111038,2,전통강호상권,49147376.11448638,-0.16692000209263852,0.19981293798794433,34773021.44444445,45930151.0
3111039,4,성장상권,12183028.417133387,0.10251633047856362,0.21645046056210251,9884625.57142857,9972147.1
3111042,0,정체상권,11685297.381060604,-0.3041667797607606,0.18292453638333456,11922061.8,7343707.555555556
3111044,0,정체상권,7264259.164434524,-0.27606617137914324,0.19392396688107572,6201153.833333333,6045221.125
3111046,4,성장상권,23541767.76475694,1.470316977453397,0.35921279475659795,7777376.444444444,26349037.285714287
3111048,1,기대상권,2339424.4572916664,12.905644540009064,1.4586241136791414,418506.5,11519363.0
3111049,4,성장상권,14830068.66294643,0.18778341261865467,0.17121411047695653,11055795.142857144,13215614.142857144
3111050,3,쇠퇴상권,9873621.00297619,-0.14531924463558965,0.17932925965618263,8716053.25,9278285.142857144
3111051,1,기대상권,3202853.3459185064,1.68026082723492,0.45279597003608996,643590.6666666666,4469011.869565218
3111052,0,정체상권,3753655.707868547,-0.6000791401894946,0.3276751503577086,5065770.666666667,1982000.7391304348
3111053,3,쇠퇴상권,22871994.231570512,-0.09739199794959148,0.0921428584490406,20120291.166666668,20947083.85714286
3111057,2,전통강호상권,10893805.879464285,-0.12087476576077605,0.22536464730318856,10124515.57142857,8519365.5
3111059,3,쇠퇴상권,8224893.459998374,-0.10654308533270031,0.1458365921193515,9219384.615384616,9529606.454545455
3111060,3,쇠퇴상권,8012818.339562412,0.09833337042227645,0.2719083708551951,8551527.166666666,11695990.263157895
3111061,3,쇠퇴상권,5668974.499575724,-0.1777933713585033,0.16104315835343055,6167119.8125,5041977.421052632
3111062,4,성장상권,7691376.274526175,1.9135969632920673,0.4221768399269164,2360706.8421052634,10868760.043478262
3111064,1,기대상권,2768708.961309524,2.4659315758490408,0.6265242461533769,1305386.5,2585067.3333333335
3111066,3,쇠퇴상권,12625440.074961148,0.08465455034460166,0.21776106979856708,15307335.888888888,11384478.8
3111067,0,정체상권,2661250.924176865,-0.4941510409501382,0.36686960947051284,3978978.6153846155,1752383.5
3111068,2,전통강호상권,131516555.00104165,-0.20832310942983842,0.13666363281191507,101011159.66666667,118884737.5
3111069,1,기대상권,4812674.120585317,0.14888936148547877,0.12313541793223821,4972198.857142857,5644905.0
3111071,3,쇠퇴상권,3184997.833333333,-0.2718528729569093,0.2993100987887642,4068357.75,3189230.5
3111072,3,쇠퇴상권,10228574.022483593,-0.09327963323369605,0.12663302014309716,11727656.166666666,10474916.92857143
3111073,3,쇠퇴상권,9450608.93708151,-0.35926504955918165,0.2166784739690697,10572263.681818182,7295142.333333333
3111076,4,성장상권,30379244.81845238,0.9017973525741899,0.250791460930958,14694957.42857143,40338129.571428575
3111077,3,쇠퇴상권,2356719.887868994,-0.02975291412736393,0.15942672406349406,2541683.9545454546,2549258.1818181816
3111078,1,기대상권,6246545.508325471,0.13265486514560282,0.23328802848751046,5974577.315789473,6964177.3
3111080,1,기대상권,30306337.729496047,1.092373178228916,0.29253672543100995,16745790.636363637,41114330.61904762
3111083,1,기대상권,67731318.28625992,0.3526945590120086,0.2950193175236235,67907770.28571428,89204139.0
3111085,0,정체상권,1853834.1108974358,-0.31792412024672295,0.30634542520837,2018130.0833333333,713342.1538461539
3111086,4,성장상권,21269840.970010716,1.3491005439789046,0.34101547058922504,7382989.75,25713007.153846152
3111087,4,성장상권,4109375.0,0.5686274509803921,0.2535582911745887,3000000.0,5000000.0
3111088,0,정체상권,10395264.20970644,-0.40770153130101267,0.22387245116986515,11247162.125,6061160.5
3111089,1,기대상권,5469417.144847347,0.39302433613303983,0.18577847656601706,4103951.380952381,6762354.038461538
3120001,4,성장상권,23326423.80658555,0.11293240870551453,0.09523976032452762,20192140.454545453,20576583.34285714
3120002,2,전통강호상권,57894444.16106549,-0.10450763421153211,0.21583154932164877,30132017.32142857,56253339.76923077
3120003,4,성장상권,56903986.845155396,0.33622403772819764,0.1604775807947163,38838566.5511811,52699901.37142857
3120004,1,기대상권,51219022.197217256,0.16319698338036032,0.09821693002999418,44383040.961538464,58699714.20689655
3120005,0,정체상권,87236826.26120138,-0.179049328605185,0.1502143864679773,84739931.9090909,70598297.31746031
3120006,4,성장상권,47656411.43130354,0.21626127489340902,0.12081708424693799,33016722.395683452,53801017.04316547
3120007,1,기대상권,56848163.18535417,0.40731705891199754,0.1655063867301516,39271850.878787875,74975186.97674419
3120008,4,성장상권,46084902.5834667,0.5857848556506579,0.23381042148687994,23029005.89473684,54102769.28205128
3120009,1,기대상권,38568862.163730636,0.4617611929365548,0.17194603718359322,24811946.43150685,50901183.536912754
3120010,4,성장상권,22937911.71934524,0.06645446492360017,0.08939984251540604,19553696.0,20242453.333333332
3120011,2,전통강호상권,46456842.447298534,-0.01651889696501743,0.13437094240172545,44807593.6,42433942.428571425
3120012,4,성장상권,42435137.10537311,0.42866556915072324,0.16300298020822124,26146079.942622952,49066760.3
3120013,4,성장상권,36287669.33952223,1.0624414890967622,0.2876529058663737,17864865.333333332,50186827.52173913
3120014,4,성장상권,39406855.982432276,0.4719574733156283,0.1631930769637928,23346061.79411765,43780811.37837838
3120015,3,쇠퇴상권,26648336.9230216,-0.07616707554635169,0.1760347899514721,16746573.583333334,26109978.733333334
3120016,3,쇠퇴상권,15233679.461661255,-0.09190360862363431,0.20177532767425485,16558148.5,14853886.272727273
3120017,1,기대상권,39373717.74084145,0.34269756613321384,0.15072378645988982,28192549.57142857,50621603.5
3120018,4,성장상권,26238186.766572393,0.27131833882382467,0.13345228128162975,18650913.269230768,29266456.67857143
3120019,4,성장상권,81872193.79805402,1.9544022607942153,0.43797677854897243,40015169.93333333,84911387.42857143
3120020,4,성장상권,57445795.97770833,0.4073452177622054,0.17683538646659203,33861411.0,59747485.75
3120021,2,전통강호상권,299425216.3781196,-0.053291213783805254,0.0789636570253846,291993175.7368421,252281241.4390244
3120022,2,전통강호상권,50598703.65331,0.06612409840060957,0.10548045411662996,41667830.24242424,42868321.277777776
3120023,3,쇠퇴상권,60962156.19911778,-0.09678404466825384,0.09654291682232814,56374267.24,57600580.4137931
3120024,4,성장상권,20663480.065541152,0.40758852698441006,0.2778979448692674,11371923.07142857,33718742.05
3120026,4,성장상권,67821457.53235468,0.3363251476821017,0.14145268133401004,45335376.42028985,71536983.01265822
3120027,3,쇠퇴상권,72922997.38178898,-0.031138648781037823,0.42714875445799033,96373050.45,92101799.04761904
3120028,4,성장상권,85627220.88909502,0.604881862560585,0.23026284249308765,38012175.01098901,98339950.15384616
3120029,2,전통강호상권,35283810.19277606,0.14362852123229838,0.3282939452662818,14170609.692307692,20263353.125
3120030,3,쇠퇴상권,43917846.18067162,0.00032552964888605,0.08943548133270747,39250100.23809524,43799338.24390244
3120031,2,전통강호상권,62519890.011040464,0.050159987449807535,0.08010840416700069,51261847.896103896,67799207.31182796
3120032,4,성장상권,39026103.152621314,0.3175619430841752,0.2160170542977577,24658910.166666668,41174545.72839506
3120033,2,전통강호상권,4960749.700019853,0.14655300761609824,0.3421513627034958,2050987.5,4066857.217391304
3120034,2,전통강호상권,5772098.233699633,-0.5153023661296199,0.6463484219601422,354090.1666666667,1872102.6
3120035,0,정체상권,36513870.377901785,-0.3540578035254233,0.24827339677129076,43770943.2,24869325.25
3120036,1,기대상권,34708086.366341725,0.6464565080977444,0.20545101206866867,20061929.714285713,49172699.09090909
3120037,1,기대상권,33438949.029490575,0.20667755840774038,0.1139076964471812,23762379.85185185,37751213.47619048
3120038,0,정체상권,18150039.040644348,-0.36941105069484675,0.20758906978927671,19142538.46153846,13260500.133333333
3120039,2,전통강호상권,14059647.976676714,0.036020083699073696,0.11880396324878294,9449889.583333334,13831823.641025642
3120040,0,정체상권,25500724.973753083,-0.17768116106757242,0.1323388275370457,25893310.575757574,25227958.548387095
3120041,1,기대상권,20722481.075756438,0.2345948029771329,0.13126456239110806,15712365.791304348,25786582.251798563
3120042,4,성장상권,46946382.25787039,0.5735141244426806,0.25443493030469794,39134390.75,55109027.666666664
3120043,4,성장상권,80080342.34846115,0.2628474496568472,0.14635254078881862,48648380.615384616,81593860.08823529
3120044,0,정체상권,12087349.12973827,-0.2538429142793922,0.2603019809587528,11906883.944444444,11494755.236842105
3120045,4,성장상권,35715682.93048207,1.0440031123388833,0.29975229697217176,15072698.07142857,46759620.083333336
3120046,2,전통강호상권,28203501.395921495,-0.024744312661163476,0.17297934757929032,21835768.013157893,24794251.505494505
3120047,4,성장상권,17895084.4386633,0.5279215716633993,0.24208347898287544,11698028.857142856,19070759.884615384
3120048,1,기대상권,3575568.5055288463,0.2113658415924121,0.2324926472606057,3544833.9,3570793.4166666665
3120049,2,전통강호상권,12927787.222787537,-0.07439250341631079,0.098230024545813,10732904.285714285,13012131.170731707
3120050,4,성장상권,9214341.40822272,0.47882761666043444,0.2375389383287407,7365384.363636363,9876562.8
3120051,0,정체상권,51539523.137387455,-0.14327295290257508,0.06722433742730899,50814528.71666667,45348371.5882353
3120052,0,정체상권,44907786.43602977,-0.25615531173028766,0.15138945603251194,53532934.244444445,40138426.295774646
3120053,4,성장상권,56939560.17623276,0.2655833537614326,0.11575573086214996,41002033.84347826,68263863.23846154
3120054,3,쇠퇴상권,20370113.345291555,-0.11296003818958551,0.21459994414909345,19870850.545454547,22226093.26470588
3120055,4,성장상권,18231020.183031574,0.15123667936498028,0.09543993411057963,14989640.818181818,18278907.54385965
3120056,2,전통강호상권,22258729.420627616,-0.03915694204645211,0.09991407078313815,18879058.391304348,21502365.24137931
3120057,4,성장상권,60740662.40115937,0.07877745878758562,0.13040213677360796,41442507.9047619,53656977.217391305
3120058,0,정체상권,5178441.491912428,-0.5202207773927451,0.34433707771352917,8097387.0,3738795.090909091
3120059,4,성장상권,27279438.486062735,0.1496986556602354,0.08170668921410405,22760836.0,28843939.94736842
3120061,1,기대상권,12759195.625,0.6914358978347097,0.3510297029011771,8481442.2,15797991.2
3120062,4,성장상권,20406219.553207375,0.2498645803927712,0.11955397152908509,16211098.76,21136980.0
3120063,2,전통강호상권,15924455.280596884,-0.12601661300654163,0.13551870510180536,14804090.838709677,13054476.243243244
3120064,2,전통강호상권,70245295.05802906,0.04054022005463574,0.13065750234641585,56429882.4,75449942.33333333
3120065,2,전통강호상권,22467799.862261705,-0.0576814221391118,0.12624839476021713,19002569.041666668,20573673.086956523
3120066,1,기대상권,18911389.83989087,0.11429122266708851,0.12762661576404272,15482108.263157895,19030362.106382977
3120067,2,전통강호상권,20451036.156228907,0.09092036400130063,0.1597924375176964,16735543.209302325,20608530.84090909
3120068,2,전통강호상권,60296413.890918806,0.01073616937614818,0.15608223619029482,49725068.833333336,51037415.4375
3120069,4,성장상권,19775735.253015462,0.46971411761185583,0.18189177573907517,12784230.41025641,22072726.230769232
3120070,2,전통강호상권,33807496.64956985,-0.17316268816443117,0.26388109072416094,22434760.5,23420698.666666668
3120071,3,쇠퇴상권,11948447.567350898,-0.19858197160581081,0.17506262731710728,13130376.0,10146389.0625
3120072,4,성장상권,61339244.515223995,0.27057597030281744,0.159080293070329,42292477.052083336,58133807.705882356
3120073,4,성장상권,27746533.642236806,1.4050461614118226,0.34198463347191965,8644848.727272727,38358754.928571425
3120075,4,성장상권,26554114.177406833,0.1294366595911431,0.1695233795044118,17960106.95238095,26439652.85714286
3120076,3,쇠퇴상권,27031348.235077396,0.0007066689457612155,0.09377772037942354,23017147.4,26746097.333333332
3120077,1,기대상권,14924046.393203322,0.14689531644099577,0.1269130709726243,11544903.962962963,17369465.76
3120078,4,성장상권,42776855.29546999,0.24818520572519037,0.12608572527562115,30199932.095238097,40534274.176470585
3120079,2,전통강호상권,34110768.08858521,-0.12473440481478724,0.14256794870000306,26667799.125,31971713.555555556
3120081,0,정체상권,83000546.36719635,-0.33549616614157357,0.1755070494225088,84753073.89411765,58593092.6875
3120082,4,성장상권,12261554.1328125,0.34913852417711155,0.212002050703463,7764720.625,11694892.666666666
3120083,4,성장상권,44936933.15400253,0.5277080238239975,0.1948855203520021,23699904.57894737,47227492.0
3120084,2,전통강호상권,63633564.27292189,-0.07514179387375844,0.19625631162510235,47417744.333333336,62794679.0
3120085,0,정체상권,19279323.117063597,-0.23904708879370654,0.13904763106204163,17417509.896551725,13990201.242424242
3120086,4,성장상권,23541838.054473653,0.7260514574427783,0.24647387319236863,12551229.954545455,26149724.0
3120087,1,기대상권,29111731.42373512,1.75621778115404,0.49014330154682834,17444073.125,51776544.14285714
3120088,4,성장상권,45965635.94592803,0.47646254647616754,0.19795011566712092,29309831.777777776,46523242.63636363
3120089,2,전통강호상권,25480432.630087763,-0.011878077191650748,0.15202214383801343,19677357.111111112,15652509.037037037
3120090,1,기대상권,26639713.934923183,0.09138989396762973,0.1691537305045418,17424286.954545453,28207183.458333332
3120091,0,정체상권,16579548.778628066,-0.31492466353833054,0.16667255465718117,19992504.315789472,12572196.0
3120092,1,기대상권,12608276.197544642,0.223327410174967,0.15410649856028563,8799616.57142857,13865029.57142857
3120093,4,성장상권,46632061.5815034,0.23617448960388635,0.129404938177355,27917525.666666668,53682644.125
3120094,1,기대상권,35595241.175756976,0.27772188158050887,0.1288105973287112,26200603.52892562,42688982.28965517
3120095,4,성장상권,23543022.997811563,0.09984812258550178,0.18813047915161382,15522221.133333333,15124275.846153846
3120096,4,성장상권,28561676.13178068,0.26234570001551943,0.14178796960847406,23106171.377777778,31548273.259259257
3120097,0,정체상권,91139325.73162879,-0.46275406463691066,0.32151637899489155,118642182.25,67258491.7
3120100,2,전통강호상권,28929162.443344995,-0.0027255521693772666,0.0723146918449952,26272272.88235294,27882457.25
3120101,2,전통강호상권,33317420.61995653,0.030094965118690472,0.10625253132924832,21953744.076923076,30347585.756097563
3120102,4,성장상권,22544770.553728044,0.2038659211640593,0.10466017643909349,16555270.878787879,24437123.13253012
3120103,4,성장상권,39566620.171748996,0.21961408333085364,0.10006844035223418,28661084.94063927,41331148.10181818
3120104,0,정체상권,35525542.86492625,-0.18229185488899466,0.14335666685747867,34119183.17368421,35486686.36563877
3120105,4,성장상권,35446846.793505,0.5735215639560401,0.2210077130071554,18619698.654545456,43866713.05555555
3120106,4,성장상권,16947471.617567856,0.21063036270096996,0.13621554036568534,12801869.878787879,16925710.5
3120107,4,성장상권,30816265.37921539,0.15982956671129264,0.10690159790486112,24381610.954545453,31024260.051282052
3120108,0,정체상권,24267709.09521455,-0.22371639080319422,0.1373473819885324,21893838.2,22945704.862068966
3120109,0,정체상권,12914798.824321248,-0.06997451919205595,0.07974360637801542,13481582.862068966,12759669.629629629
3120110,4,성장상권,21631362.67585948,0.2948944126599176,0.1648848065740772,13445006.368421054,23871782.074074075
3120111,3,쇠퇴상권,10337865.065124448,0.04423576022917716,0.14630468295100893,9069406.047619049,9610312.578947369
3120112,4,성장상권,47389747.1528117,0.26065293980561643,0.10763535147093888,36861939.13043478,48132622.92
3120113,2,전통강호상권,21478607.386784982,-0.05424084632223657,0.13752134055068083,15023157.1875,16415125.891891891
3120114,2,전통강호상권,24803568.10864719,-0.14920466662132403,0.1098925812778603,22226491.513888888,20796427.743902437
3120116,1,기대상권,31048272.408234127,0.10868601655629485,0.11536186160432008,25563189.333333332,39928141.85714286
3120119,3,쇠퇴상권,8851310.150107732,-0.03875880432540133,0.0911955448275367,9616092.033057852,9196467.878378378
3120120,2,전통강호상권,62044572.307545565,-0.010679082047358185,0.14035809107354608,52104764.06896552,55311877.68
3120121,4,성장상권,21670200.155906722,0.1420199398062408,0.09491259936666815,18967310.35,25180411.96
3120122,2,전통강호상권,17344485.667948,-0.01862576385586798,0.1303366279612684,15953841.846153846,22816453.83870968
3120123,3,쇠퇴상권,25570411.180392526,-0.20068661354582343,0.26123491329787046,27403726.916666668,23678804.615384616
3120124,2,전통강호상권,18358551.486321196,-0.05213311619962437,0.14358704286704393,11935248.266666668,14235303.777777778
3120125,1,기대상권,17750426.57834348,0.30605495080710704,0.1430981855146763,12252619.05882353,22194686.39473684
3120127,2,전통강호상권,23927740.83462825,0.04861514453322914,0.11524888138395728,17579076.333333332,22530007.47826087
3120128,0,정체상권,29003368.513093166,-0.30671601259718434,0.17097526995315343,31429272.87804878,24390696.98275862
3120129,2,전통강호상권,39177086.6909889,-0.1575905974014909,0.11711569967883584,35722895.99137931,33801940.78518519
3120130,2,전통강호상권,66326796.73344676,-0.005310321277916273,0.17257486007299294,47590389.95,58950289.041666664
3120131,0,정체상권,58889332.6817992,-0.47692072105299715,0.26512872293957335,67769128.19847329,37834425.56307692
3120132,1,기대상권,23076739.752741434,0.17989640422336275,0.20859427707141498,20020954.138888888,27142673.911764707
3120133,3,쇠퇴상권,15272867.156376263,-0.11761671575110247,0.1467778881200194,14851768.444444444,12574514.07142857
3120134,0,정체상권,13889696.47735199,-0.25564122873580497,0.18106961668241223,15897398.55,13628233.545454545
3120135,2,전통강호상권,28221857.84623016,0.16727449474522438,0.13738451259345633,24014064.875,34738729.333333336
3120136,0,정체상권,24853751.606600154,-0.2608130422167628,0.1557070445703395,24670203.70588235,21427876.703125
3120138,0,정체상권,42320122.088867754,-0.2516197041575919,0.1357371435351278,46808803.56521739,38600533.321428575
3120139,2,전통강호상권,11121263.792614233,-0.04143635022062901,0.11723308056962783,8791100.6,9580580.764705881
3120140,4,성장상권,41488661.45014596,0.2311834295209037,0.1149549895297156,31406027.0,42958741.827586204
3120141,0,정체상권,10087504.71889857,-0.3322603602871839,0.17865629279911216,11184610.642857144,7907203.391304348
3120142,0,정체상권,22373278.478498563,-0.24322995515843268,0.1497055212200081,19969372.5625,18838896.037037037
3120143,0,정체상권,137037842.26284486,-0.2857388158545148,0.20088668972648968,154925514.6153846,112237143.625
3120144,0,정체상권,10220572.726730822,-0.17710279489197353,0.179311940666509,12429573.416666666,10031603.454545455
3120145,4,성장상권,39905867.403696805,0.7331420046870517,0.22857045390160438,24430883.242857143,50639252.06944445
3120146,1,기대상권,8294269.506451331,0.07060885836959108,0.15985802244374464,8669195.92857143,12732226.375
3120147,2,전통강호상권,38231992.67037832,-0.15128149465640697,0.1608523054377207,31540404.866666667,34405325.125
3120148,4,성장상권,45287737.5417615,0.0540498835461222,0.09606631016198285,36961768.416666664,45112510.48062015
3120149,2,전통강호상권,59871337.865850374,0.07038454211127383,0.08248409433153982,52361344.27325582,63909878.33018868
3120150,0,정체상권,27319955.14157197,-0.16261283202054175,0.10660342533500204,27761227.25,23600254.583333332
3120151,2,전통강호상권,69929156.43994707,0.09427807906288842,0.14337311598299599,48207763.64864865,63826422.25
3120152,0,정체상권,23425435.89661677,-0.16428147698056128,0.11731510311058467,21282632.166666668,21705776.523809522
3120153,4,성장상권,26742777.14257277,0.14692247322612842,0.11812066725423027,17877350.012987014,27748442.471428573
3120154,4,성장상권,14884777.009743381,0.5065685379555015,0.20913474205041171,7850309.3,17435552.85714286
3120156,4,성장상권,32621786.24940569,0.6102051483621684,0.2305886077104109,20182060.684210528,39284449.358490564
3120157,2,전통강호상권,32963739.356368195,0.03958192974346233,0.09564891393901663,27430525.80851064,29960227.44897959
3120158,0,정체상권,33279212.27381053,-0.11440097693685891,0.08546540052273285,31414590.09090909,28204283.38235294
3120159,2,전통강호상권,33598463.34913638,-0.10779763964724906,0.08604940745651381,30541673.43478261,28486310.94117647
3120160,4,성장상권,36342892.03470199,0.46467655140770026,0.1863101910077969,23011613.603174604,40985225.39344262
3120161,0,정체상권,14592321.27127976,-0.5351066706687849,0.4390106414063848,25992929.25,6984113.0
3120162,0,정체상권,181204773.21655586,-0.10006309018899927,0.07831364450470785,175897568.375,168655659.7
3120163,4,성장상권,5500902.523214286,3.1265523949845737,0.5078526948910811,2156263.6,6462706.25
3120164,1,기대상권,50961813.68273038,0.07249152709332524,0.06595077418779993,46398150.63888889,51408116.02173913
3120165,1,기대상권,44289800.16401681,0.23260867832340065,0.13318836405815168,29334128.52631579,45334727.4117647
3120166,4,성장상권,26369802.62835102,0.017892784543230542,0.1130686988603599,22025956.268292684,24144923.458333332
3120167,2,전통강호상권,14738072.898116168,0.1793972587019796,0.14616737225896698,8865559.319148935,15282868.833333334
3120168,2,전통강호상권,16687546.102369852,-0.07235840395350851,0.16838341301730045,12907333.384615384,11902111.444444444
3120169,4,성장상권,38596569.070197016,0.9229975423670599,0.2676930950199045,20521676.16923077,52801907.7761194
3120170,1,기대상권,73692427.84891099,0.718697789816345,0.2916184397354814,47494999.11111111,105479561.0
3120171,4,성장상권,47188699.765418135,0.2515730962647754,0.12186851579060398,33645839.15625,44230282.166666664
3120172,1,기대상권,39261930.88348129,0.2625991464708535,0.10747685355854758,32223893.192307692,44312499.75
3120173,1,기대상권,36000328.91458672,0.18215352937669999,0.1266696435712952,32505300.15,44113732.468468465
3120175,4,성장상권,34526772.64033684,0.297329382183099,0.1832557639147684,24029939.955555554,34667761.60714286
3120176,0,정체상권,3637158.7162589864,-0.5337974366059662,0.44862629242458024,6471770.2727272725,2502013.0555555555
3120177,0,정체상권,33367706.024412517,-0.3111545772559011,0.30916427104458866,48569018.333333336,39335623.6
3120178,2,전통강호상권,45796996.21998414,-0.16896480664578242,0.21408894037648965,23395484.485714287,36132252.35064935
3120179,2,전통강호상권,47395071.63223466,0.002872194873646017,0.10902286301763216,35157882.71212121,44556103.12658228
3120180,3,쇠퇴상권,39525907.101436585,-0.24455312669409754,0.3068102553832036,70509054.75,39592842.583333336
3120181,0,정체상권,18531345.15000712,-0.5634463673732812,0.4244026806038635,25346442.0,13869346.076923076
3120182,2,전통강호상권,46944108.20370598,0.01634774447390415,0.1549589797860521,38718531.125,49729549.551724136
3120183,1,기대상권,16788083.750140823,0.18933469347680956,0.09773107960530539,13939179.266666668,18236243.333333332
3120184,4,성장상권,40155960.245204724,0.5518323001264739,0.2767882008161361,31300044.795454547,43160736.53333333
3120185,4,성장상권,49633503.114561915,0.004075379440034755,0.09845944240314368,41595648.68055555,46452472.6626506
3120186,0,정체상권,38151415.1829246,-0.31035173134268534,0.1811294782006695,41701863.11363637,28403212.495049506
3120187,2,전통강호상권,44678174.383036405,-0.03934793386294364,0.07915399748287193,38217015.16161616,40925806.03418803
3120188,2,전통강호상권,49203680.43421746,-0.30170967699420104,0.1749664386736782,43550292.196428575,34884875.3125
3120189,4,성장상권,65514085.31093717,0.20643557423517944,0.09605471426406326,48239128.688118815,66653842.083333336
3120190,2,전통강호상권,15000564.922885654,-0.06960615093920254,0.1521724917315574,12613816.416666666,12648919.467741935
3120191,4,성장상권,41660334.29685167,0.2621964202367128,0.11678549828170219,29979199.365384616,43491717.78431372
3120192,2,전통강호상권,60629332.87993808,-0.0549766888270446,0.11246530958078545,49474063.8607595,48927944.95402299
3120193,2,전통강호상권,19939550.44358949,0.04544618891585597,0.12652987539337773,13516035.210526315,18378129.3
3120194,1,기대상권,30260405.83268914,0.53709165962082,0.2738373578780268,24869969.534883723,42760490.4117647
3120195,4,성장상권,18559381.549420796,1.010752940085692,0.3098205054781437,8502603.73076923,19384909.65625
3120196,2,전통강호상권,46764849.05409871,-0.19380233491830004,0.2061481577720544,38723012.941176474,27879717.76190476
3120197,2,전통강호상권,61968102.37517069,0.06798579012661411,0.08902439911551357,46627273.115384616,65505065.573033705
3120198,4,성장상권,39309188.72938816,0.2619256507780865,0.1575183881033514,28038078.270833332,40505353.3220339
3120199,4,성장상권,57995496.10729665,0.42485583549082107,0.17410979492859335,31195696.42105263,53705839.75
3120200,3,쇠퇴상권,62808042.448642045,-0.10655057870889718,0.23672246170939407,53256098.219512194,44068262.288461536
3120201,0,정체상권,56672708.06066664,-0.7544677356599867,0.45765892939303165,83313263.1875,20037445.95
3120202,2,전통강호상권,31892486.014981776,-0.23338867580460987,0.20801334317516343,26122104.55319149,25305087.22857143
3120203,4,성장상권,47737677.43848133,0.30214978300584655,0.12687099355881332,35721621.27659574,49253424.98275862
3120204,4,성장상권,68761343.27770737,0.1793768947900158,0.1256094562101735,52382869.86111111,69019985.7173913
3120205,0,정체상권,86958939.4905633,-0.2647251161552994,0.14279465278023099,90469584.48275863,73105883.25806452
3120206,3,쇠퇴상권,25139871.20372907,-0.012844473417016541,0.08230005120477611,23088603.846153848,24341607.833333332
3120207,2,전통강호상권,19625902.379149724,-0.05842694496266055,0.09797851746952446,15558291.02,17157807.537037037
3120208,3,쇠퇴상권,33138367.03412924,-0.07510622461638655,0.3271595404080766,42703231.083333336,32507613.56862745
3120209,3,쇠퇴상권,13573704.413536943,-0.16225669063759843,0.2066568988267657,16920447.92857143,19196385.166666668
3120210,2,전통강호상권,48301178.41806541,-0.07750854235266262,0.10238251559716235,39328017.06930693,41779029.08547009
3120211,2,전통강호상권,29734486.95916979,0.07727933992138439,0.18469976875236407,20675861.736842107,25149507.785714287
3120212,4,성장상권,43237630.90473916,0.20267006257925238,0.16191549583138026,31233822.6,41135262.324324325
3120213,4,성장상권,28266579.702512812,0.11615544355093758,0.11558123931989545,20592624.31707317,25464504.18367347
3120214,0,정체상권,8843616.206475815,-0.6162355745200169,0.41686755689117044,10757607.272727273,7572438.818181818
3120215,2,전통강호상권,73491775.21646792,0.02160222274174471,0.11969631287691149,62564821.36470588,74213248.22222222
3120216,0,정체상권,19277186.0,-0.5459580564803457,0.4061483917824626,16295985.0,9788218.25
3120217,0,정체상권,60292455.22919844,-0.4234304991356008,0.26305619860993434,70457222.07142857,54016884.428571425
3120219,4,성장상권,44945895.37034029,0.2035859079222766,0.1364553565287609,31842126.20689655,44295980.441176474
3120220,0,정체상권,55922336.14825149,-0.12260292982413037,0.1929911945615032,49742835.5,57244708.2
3120221,3,쇠퇴상권,30102198.17851513,-0.2241973654588266,0.21751429093427685,33263297.454545453,26681233.82142857
3120222,4,성장상권,86739718.50834417,0.27921251138994785,0.13317454095353717,62819849.32876712,85646882.61842105
3120223,1,기대상권,15411687.92418172,4.394843229694364,0.6923824266968449,7260072.1,31450920.9
3120224,1,기대상권,75845996.66397057,0.3306713276394942,0.11498000047172172,68262108.2413793,84456679.57692307
3120225,4,성장상권,56848897.98169809,0.12954007881821203,0.10886960799767173,42735012.103896104,53038012.137931034
3120226,2,전통강호상권,50503554.24744047,0.029467726690540576,0.15276776135984022,31091898.82352941,42585022.40909091
3120227,1,기대상권,45457115.33917759,0.4365615328351243,0.17376110332979167,35028066.83571429,57735920.4
3120228,4,성장상권,42730424.11619457,0.40219907436702806,0.18371935469480563,26073227.777777776,46347924.81538462
3120229,2,전통강호상권,86346837.6001915,0.044119853793968246,0.0973404403376909,71567427.28571428,88056133.52
3120230,2,전통강호상권,11992358.38190649,-0.04660266415818493,0.16960346437886606,9150619.166666666,13807408.6
3120232,0,정체상권,19361711.564269036,-0.2003804488685279,0.15553959623574418,17694373.1875,16016374.315789474
3120233,2,전통강호상권,11947588.641264386,-0.07337842792706539,0.08997734027701605,11317298.8,12239597.708333334
3120234,3,쇠퇴상권,30899454.027809873,0.056090185147993785,0.15852417302535743,25171018.466666665,37030244.6875
3120235,2,전통강호상권,13226219.637828574,0.002223934248480049,0.05854229657578493,11281429.337662337,12798903.161676647
3120236,1,기대상권,30766603.520263135,0.26422585205835725,0.11611169818254372,25336010.04347826,40368559.625
3120237,3,쇠퇴상권,25905871.39350579,-0.07899326959310293,0.12631623647539175,21239738.103448275,22516607.3125
3120238,3,쇠퇴상권,103924584.44065922,-0.33200763887810214,0.2212387186452697,125821865.33333333,81227514.625
3120239,1,기대상권,18454709.80832752,0.28856233977249485,0.1558649578302456,15120509.217391305,20219630.714285713
3120240,1,기대상권,19452983.67774684,0.4381158625473351,0.1575991900910225,14408851.727272727,21977987.5
3120241,2,전통강호상권,34492375.0804971,-0.0006315027164658387,0.1377611716230754,31969676.90909091,33136356.90909091
3120242,1,기대상권,21392595.90881383,0.08964795199251194,0.08616031683933088,18499925.815789472,23784923.023255814
3120243,1,기대상권,21922599.071907185,0.14945510719883076,0.15058223793480405,17047862.375,26020848.8125
3120244,0,정체상권,16837339.30282884,-0.2881902185389861,0.1780741295007743,16155487.933333334,11734173.166666666
3120245,1,기대상권,18296294.199271552,0.4292985700680561,0.21833322919349676,11669161.323529411,27224430.51724138
3120246,1,기대상권,41093395.31754829,1.448331205993043,0.3854417003000706,20884947.269230768,68351682.52
3120247,4,성장상권,15889456.199431818,0.31076192228657534,0.17987889381988256,9000466.666666666,15109189.818181818
3120248,4,성장상권,17279274.328355614,0.23905634622871286,0.16743540604393453,10440507.17857143,17691906.346153848
3120249,1,기대상권,59694640.68054082,0.3694600364071055,0.19785872887733302,39348976.75,70601658.3478261
3130001,1,기대상권,63055683.49250386,1.2566337704927422,0.4394765837281884,24632604.55,133556536.72727273
3130002,2,전통강호상권,13527710.918147478,0.08859042715308038,0.17478730509005072,9416014.166666666,13217532.692307692
3130007,1,기대상권,24689189.58954795,0.2649001574407694,0.19683336726551706,16437102.181818182,29926922.846153848
3130010,4,성장상권,11061704.168774072,0.2532211481517064,0.15684850916339735,8212610.5,13717361.142857144
3130015,3,쇠퇴상권,10157373.980208334,-0.09682638251266683,0.24989466546815586,7277185.6,13190743.0
3130018,0,정체상권,5770854.283333333,-0.9214842863465667,1.1030233924465909,8012283.5,528495.3333333334
3130024,4,성장상권,57660198.68718899,0.9354312445935535,0.2762703303201967,26243867.67647059,77606110.97435898
3130032,0,정체상권,2762087.977207341,-0.2975223604264803,0.26561773055811916,2443792.8,2014413.0
3130033,1,기대상권,5411677.26502664,0.5688615174116973,0.18174266728955,3975621.8333333335,7090909.090909091
3130035,4,성장상권,17994999.746156022,0.056222569600690456,0.13970917844584296,16656049.285714285,15551956.15
3130036,3,쇠퇴상권,19931855.293604314,-0.029013341367680648,0.43584205273535337,17874710.0,26269935.066666666
3130042,0,정체상권,6863163.748642677,-0.8402214401371343,0.8706219437016935,10964206.75,2887284.9
3130048,2,전통강호상권,41983446.886011906,0.0027731286693631657,0.22387998999677028,23589157.5,35180732.71428572
3130051,0,정체상권,15708917.423115082,-0.44542689363659466,0.26951961781134753,20624087.57142857,11537040.222222222
3130056,3,쇠퇴상권,10669540.75061553,-0.267921564289279,0.19534832367238264,12480203.625,8409918.111111112
3130060,1,기대상권,14774661.433204489,1.647066992166422,0.5156640033513706,9580211.4,32006305.47368421
3130063,3,쇠퇴상권,25777461.786904763,-0.2958975457657942,0.25573328062407436,37364322.666666664,20379888.0
3130065,0,정체상권,1354293.2878409782,-0.5376109102549624,0.36387920607390567,1634943.5555555555,846438.0
3130066,0,정체상권,46810959.90685651,-0.17101487531380932,0.17236173305305447,40640762.25,39594350.416666664
3130067,0,정체상권,21649939.070032224,-0.37480397637251295,0.22503656515714418,21377516.888888888,16220676.25
3130068,2,전통강호상권,29510126.177083336,0.11382530616562607,0.14304110706070386,17995105.5,29985185.666666668
3130069,4,성장상권,19322515.426328845,0.10958308784022255,0.11942886254752512,16847402.444444444,20066012.777777776
3130070,0,정체상권,25538522.79806292,-0.21109155420384268,0.11728670283900632,26795563.72,21515755.344827585
3130072,0,정체상권,20908945.747646876,-0.22448654342379873,0.18089393852271213,17830112.0,16394283.315789474
3130076,0,정체상권,5093012.135416666,-0.8242583400626151,0.6035888553070127,8318858.0,638045.3333333334
3130083,4,성장상권,6863922.882291666,0.9776401493016139,0.33472927352837467,4113930.5,8075873.75
3130086,0,정체상권,801857.5174825175,-0.2899408284023669,0.14313325376955263,1000000.0,692307.6923076923
3130094,4,성장상권,8730882.833085317,0.5560554456394193,0.2558094332196239,5962337.714285715,10190901.111111112
3130095,0,정체상권,20151683.25625,-0.5370962333204399,0.4199423720030031,17876200.333333332,10775992.8
3130098,0,정체상권,12327088.45038285,-0.4156914097929171,0.2795895541530199,15359219.454545455,8588090.153846154
3130099,3,쇠퇴상권,25563412.943749998,0.06385862745389277,0.33602395994363543,25811742.333333332,25021348.2
3130100,0,정체상권,8318079.220833333,-0.48386911776578956,0.3814423154526621,7463641.75,7581557.25
3130106,1,기대상권,26996833.30957145,0.03926748232387231,0.11712799958907745,21109786.8,29942512.714285713
3130110,4,성장상권,22001140.602083333,0.4433331212783179,0.27298139002581334,20778052.666666668,27091377.4
3130111,4,성장상권,23677144.03980655,0.7015112478058322,0.295322301404076,7555344.333333333,23194533.14285714
3130112,0,정체상권,9686427.115104165,-0.5861604595077198,0.42046296793322807,15745885.2,6138172.375
3130115,0,정체상권,8641490.395882936,-0.4065975980128909,0.24189872317107705,8996558.57142857,5504238.888888889
3130117,1,기대상권,16350175.016245041,0.09489587139302902,0.1324856661559346,14797479.714285715,17518383.0
3130132,0,정체상권,18596694.338417657,-0.30898850902047975,0.1628545140639506,17942371.0,13781423.0
3130139,1,기대상권,2760950.7712053573,2.396694004834649,1.0483108975157251,1428604.75,12219824.5
3130140,2,전통강호상권,8382891.680208333,-0.5234222313788038,0.30866100705156385,7107792.0,1996166.3333333333
3130146,2,전통강호상권,33651317.6369476,-0.1083698743050646,0.18914707232458472,29098964.111111112,27289605.727272727
3130147,0,정체상권,16370623.440848215,-0.503982732614198,0.26580143789402955,19121424.0,7977315.428571428
3130148,1,기대상권,14649077.895977635,5.014480567587942,0.6892982809927305,3059728.111111111,24628921.85714286
3130149,3,쇠퇴상권,11378043.770089287,-0.5127143872295644,0.3985927419881785,14488841.25,4698116.571428572
3130152,4,성장상권,1993417.208333333,0.3328283112578866,0.2793014278686643,1179159.3333333333,1702057.3333333333
3130159,3,쇠퇴상권,608387.9648364063,-0.209066370090209,0.4812518645658344,416966.8,717525.6111111111
3130163,0,정체상권,5694833.8462301595,-0.4516248036431935,0.24894067336964015,7943762.0,3423943.777777778
3130166,4,성장상권,4703099.796875,0.4543835881054086,0.439356775706127,3935225.5,1376484.75
3130167,0,정체상권,31356803.00345748,-0.09143067984888843,0.09508953990788763,28150627.0,28513741.444444444
3130171,4,성장상권,11907489.262743507,0.9255000775343222,0.2948787952727458,6294770.363636363,15709512.285714285
3130175,4,성장상권,59693716.12291667,1.1787774748238702,0.32609104793822674,32617207.8,81254825.25
3130178,4,성장상권,12026004.759138256,0.5416452077132812,0.2859292486020566,8189479.818181818,16260310.125
3130179,4,성장상권,30920014.24998509,0.41328568808537974,0.22255650370135277,18482658.32,38420878.14285714
3130181,4,성장상권,836232.8355654762,1.3725665883908624,0.4138588865273143,106064.6,707634.6666666666
3130183,2,전통강호상권,34767595.118732885,-0.11965882518060957,0.12030608177640172,30296156.442307692,29682938.133333333
3130185,0,정체상권,5177286.588210227,-0.37301122739109405,0.27036522182057565,5508917.666666667,4407852.4
3130186,1,기대상권,4337673.3536106255,0.43949826662509767,0.3408705540368576,4200244.0,8347778.2727272725
3130190,4,성장상권,94607173.7807889,0.41165673258695157,0.2889090328737152,48528329.36,79944623.28571428
3130191,1,기대상권,41518204.03636358,0.5300518405238179,0.1869731367982388,29513264.3,50581736.06779661
3130192,2,전통강호상권,19716374.75,-0.6389704859743537,0.6582331006852283,13450127.25,1320628.5
3130194,0,정체상권,9191561.051785715,-0.42443415736016116,0.281629654185544,10690395.4,7106899.571428572
3130195,1,기대상권,39458580.58876994,0.7545939485972081,0.25735632752755755,27426089.741935484,48867395.885714285
3130204,4,성장상권,13968099.404166667,0.6837694246484416,0.26555651828576576,5704201.666666667,13710098.8
3130208,2,전통강호상권,20013668.711607143,-0.02204550667539432,0.37619157802211683,7663845.0,12936909.57142857
3130210,4,성장상권,11175933.637450397,0.2191497815067779,0.19748311753674005,7672960.2,11327654.714285715
3130214,2,전통강호상권,29858333.610416666,-0.026866441001073407,0.15175284347524787,25958278.75,25828146.333333332
3130216,2,전통강호상권,31468328.317708332,0.24128531243662923,0.3902982414316435,19751222.666666668,26308347.2
3130219,3,쇠퇴상권,23191164.0703125,-0.19384927455572146,0.21160478916314332,25673283.0,21473000.57142857
3130221,3,쇠퇴상권,7981674.856685487,0.001186765967646201,0.21615420036423438,7249573.2,8167329.625
3130225,0,정체상권,30060970.492392674,-0.3028142370044405,0.20089208379172324,27249925.125,21491148.222222224
3130227,4,성장상권,11744871.845833333,1.2563745822711394,0.41074635325178255,2952428.0,11337671.25
3130229,3,쇠퇴상권,811481.3187500001,-0.1727401942978603,0.44855689123323667,614091.5,267796.0
3130235,2,전통강호상권,39406648.03447421,-0.1251887075870023,0.1462017733843178,31710747.833333332,41182739.44444445
3130236,3,쇠퇴상권,29927960.55840774,-0.1112473992409243,0.1644778864559352,33329216.8,26848916.625
3130238,4,성장상권,12742953.494791668,0.843725956481803,0.2780151419541418,8004888.0,12990408.333333334
3130241,4,성장상권,21442921.454004332,0.37739421746034024,0.18088703644242182,16438984.461538462,28419463.545454547
3130258,0,정체상권,1935973.911458333,-0.8221660781124179,0.7741390255583093,4123100.5,769923.6666666666
3130261,4,성장상권,25887032.829482324,0.2236072110573882,0.11361791197173816,20570488.90909091,25548694.363636363
3130265,2,전통강호상권,50403245.315625,-0.01789712489791843,0.14865896108089835,35426294.5,46815021.75
3130268,2,전통강호상권,32423499.96577381,-0.19049180483922365,0.22318144677701685,25785997.14285714,22701918.85714286
3130273,2,전통강호상권,40978992.15247064,-0.004749385836866551,0.167668461051403,33464531.10526316,40434970.428571425
3130274,4,성장상권,108324270.21785888,1.0583890416469348,0.2984756387262371,50374544.692307696,143793368.66666666
3130285,4,성장상권,77187903.1313389,0.15589484428755598,0.11164679032551214,60723390.86956522,82155928.55172414
3130290,2,전통강호상권,13992048.005389009,0.006640683525732703,0.17407506806273862,12045062.0,13603878.25
3130294,4,성장상권,33775932.85,22.849634322181842,0.6895447208138662,1543150.4,39555445.4
3130295,2,전통강호상권,18678340.508412246,-0.3738636201657318,0.2853353432774661,11133493.2,12266023.583333334
3130303,0,정체상권,17017727.397916667,-0.5484381583261043,0.3251466766215042,21490365.75,10856844.8
3130306,4,성장상권,22303898.09924485,0.20926499637577137,0.18816729725486672,15243056.461538462,21231282.222222224
3130311,4,성장상권,16894539.08462527,0.4687832759570443,0.21227732748084502,10975319.090909092,15947275.2
3130312,0,정체상권,2102882.229229798,-0.9118380714078683,0.9734548602317208,5499306.4,19867.25
3130313,1,기대상권,43136695.9856929,0.5121753106251624,0.18990253928982226,24331475.785714287,59409534.84615385
3130314,0,정체상권,14609298.692708332,-0.8204087902281324,0.5617491571088274,16731583.2,1389971.25
3130315,0,정체상권,7417595.728460628,-0.6342883710388396,0.48349008283820416,9197216.6875,3559950.588235294
3130318,4,성장상권,32552268.301807053,0.2681326573572049,0.11443607920714226,24457327.12,35841742.823529415
3130321,0,정체상권,3952924.029861111,-0.5108814897994737,0.3811652661215364,6794075.0,2211425.4
3130323,1,기대상권,863857.1919642857,0.7953296111254033,0.4318220192844337,826802.25,1439981.25
